date,country_name,aggregation_level,new_confirmed,new_deceased,cumulative_confirmed,cumulative_deceased,mobility_transit_stations,mobility_retail_and_recreation,mobility_grocery_and_pharmacy,mobility_parks,mobility_residential,mobility_workplaces,latitude,longitude,location_geometry,average_temperature_celsius,minimum_temperature_celsius,maximum_temperature_celsius,rainfall_mm,snowfall_mm,school_closing,school_closing_flag,workplace_closing,workplace_closing_flag,cancel_public_events,cancel_public_events_flag,restrictions_on_gatherings,restrictions_on_gatherings_flag,close_public_transit,close_public_transit_flag,stay_at_home_requirements,stay_at_home_requirements_flag,restrictions_on_internal_movement,restrictions_on_internal_movement_flag,international_travel_controls,income_support,income_support_flag,debt_contract_relief,fiscal_measures,international_support,public_information_campaigns,public_information_campaigns_flag,testing_policy,contact_tracing,emergency_healthcare_investment,vaccine_investment,misc_wildcard,confirmed_cases,deaths,stringency_index,mobility_transit_stations_response,mobility_retail_and_recreation_response,mobility_grocery_and_pharmacy_response,mobility_parks_response,mobility_residential_response,mobility_workplaces_response
2020-02-15,Japan,1,8.0,0.0,14.0,0.0,1.0,-2.0,5.0,9.0,1.0,4.0,35.689721999999996,139.692222,POINT(139.692222 35.689722),11.820988,6.975308999999999,15.549382999999999,0.0,,0.0,,0.0,,0.0,,0.0,,0.0,,0.0,,0.0,,3.0,0.0,,0.0,0.0,0.0,2.0,1.0,1.0,1.0,0.0,0.0,,38.0,1.0,19.44,-9.0,-13.0,-9.0,-37.0,3.0,-1.0
2020-02-16,Japan,1,5.0,0.0,19.0,0.0,-9.0,-13.0,-9.0,-37.0,3.0,-1.0,35.689721999999996,139.692222,POINT(139.692222 35.689722),9.401235,7.734567999999999,10.506173,9.144,,0.0,,0.0,,0.0,,0.0,,0.0,,0.0,,0.0,,3.0,0.0,,0.0,0.0,0.0,2.0,1.0,1.0,1.0,0.0,0.0,,52.0,1.0,19.44,-1.0,-4.0,3.0,-2.0,0.0,1.0
2020-02-17,Japan,1,0.0,0.0,19.0,0.0,-1.0,-4.0,3.0,-2.0,0.0,1.0,35.689721999999996,139.692222,POINT(139.692222 35.689722),9.883333,4.516667,14.883332999999999,0.870857,,0.0,,0.0,,0.0,,0.0,,0.0,,0.0,,0.0,,3.0,0.0,,0.0,0.0,0.0,2.0,1.0,1.0,1.0,0.0,0.0,,59.0,1.0,19.44,-3.0,-2.0,3.0,3.0,1.0,0.0
2020-02-18,Japan,1,3.0,0.0,22.0,0.0,-3.0,-2.0,3.0,3.0,1.0,0.0,35.689721999999996,139.692222,POINT(139.692222 35.689722),7.772222,3.666667,11.833333,0.0,,0.0,,0.0,,0.0,,0.0,,0.0,,0.0,,0.0,,3.0,0.0,,0.0,0.0,0.0,2.0,1.0,1.0,1.0,0.0,0.0,,59.0,1.0,19.44,-5.0,-4.0,2.0,8.0,1.0,-1.0
2020-02-19,Japan,1,3.0,0.0,25.0,0.0,-5.0,-4.0,2.0,8.0,1.0,-1.0,35.689721999999996,139.692222,POINT(139.692222 35.689722),8.711111,4.288889,12.188889,0.0,,0.0,,0.0,,0.0,,0.0,,0.0,,0.0,,0.0,,3.0,0.0,,0.0,0.0,0.0,2.0,1.0,1.0,1.0,0.0,0.0,,66.0,1.0,19.44,-5.0,-4.0,2.0,-1.0,1.0,-1.0
2020-02-20,Japan,1,0.0,0.0,25.0,0.0,-5.0,-4.0,2.0,-1.0,1.0,-1.0,35.689721999999996,139.692222,POINT(139.692222 35.689722),9.783333,5.733333,12.888889,0.0,,0.0,,0.0,,1.0,1.0,0.0,,0.0,,0.0,,0.0,,3.0,0.0,,0.0,0.0,0.0,2.0,1.0,1.0,1.0,0.0,0.0,,84.0,1.0,25.0,-5.0,-4.0,2.0,0.0,2.0,-2.0
2020-02-21,Japan,1,3.0,0.0,28.0,0.0,-5.0,-4.0,2.0,0.0,2.0,-2.0,35.689721999999996,139.692222,POINT(139.692222 35.689722),10.3,6.838889,13.755556,0.0,,0.0,,0.0,,1.0,1.0,0.0,,0.0,,0.0,,0.0,,3.0,0.0,,0.0,0.0,0.0,2.0,1.0,1.0,1.0,0.0,0.0,,93.0,1.0,25.0,-5.0,-9.0,0.0,-7.0,2.0,-1.0
2020-02-22,Japan,1,1.0,0.0,29.0,0.0,-5.0,-9.0,0.0,-7.0,2.0,-1.0,35.689721999999996,139.692222,POINT(139.692222 35.689722),13.011111,7.111111,17.95,0.7196670000000001,,0.0,,0.0,,1.0,1.0,0.0,,0.0,,0.0,,0.0,,3.0,0.0,,0.0,0.0,0.0,2.0,1.0,1.0,1.0,0.0,0.0,,105.0,1.0,25.0,-5.0,-3.0,3.0,14.0,0.0,-1.0
2020-02-23,Japan,1,0.0,0.0,29.0,0.0,-5.0,-3.0,3.0,14.0,0.0,-1.0,35.689721999999996,139.692222,POINT(139.692222 35.689722),9.907407000000001,4.253086,15.722222,0.16933299999999998,,0.0,,0.0,,1.0,1.0,0.0,,0.0,,0.0,,0.0,,3.0,0.0,,0.0,0.0,0.0,2.0,1.0,1.0,1.0,0.0,0.0,,132.0,1.0,25.0,-40.0,-5.0,-1.0,31.0,19.0,-66.0
2020-02-24,Japan,1,3.0,0.0,32.0,0.0,-40.0,-5.0,-1.0,31.0,19.0,-66.0,35.689721999999996,139.692222,POINT(139.692222 35.689722),10.506173,4.611111,14.876543,0.0,,0.0,,0.0,,1.0,1.0,0.0,,0.0,,0.0,,0.0,,3.0,0.0,,0.0,0.0,0.0,2.0,1.0,1.0,1.0,0.0,0.0,,144.0,1.0,25.0,-5.0,-6.0,5.0,-5.0,1.0,-1.0
2020-02-25,Japan,1,0.0,0.0,32.0,0.0,-5.0,-6.0,5.0,-5.0,1.0,-1.0,35.689721999999996,139.692222,POINT(139.692222 35.689722),10.6,7.0055559999999995,13.338889000000002,0.3556,,0.0,,1.0,1.0,1.0,1.0,0.0,,0.0,,0.0,,1.0,1.0,3.0,0.0,,0.0,0.0,0.0,2.0,1.0,1.0,1.0,0.0,0.0,,144.0,1.0,34.26,-8.0,-11.0,1.0,-15.0,2.0,-1.0
2020-02-26,Japan,1,3.0,1.0,35.0,1.0,-8.0,-11.0,1.0,-15.0,2.0,-1.0,35.689721999999996,139.692222,POINT(139.692222 35.689722),7.4166669999999995,4.822222,9.005556,1.27,,0.0,,1.0,1.0,1.0,1.0,0.0,,0.0,,0.0,,1.0,1.0,3.0,0.0,,0.0,0.0,0.0,2.0,1.0,1.0,1.0,0.0,0.0,,164.0,1.0,34.26,-10.0,-8.0,5.0,-9.0,3.0,-2.0
2020-02-27,Japan,1,1.0,0.0,36.0,1.0,-10.0,-8.0,5.0,-9.0,3.0,-2.0,35.689721999999996,139.692222,POINT(139.692222 35.689722),6.533333,2.161111,10.811111,0.0,,0.0,,1.0,1.0,1.0,1.0,0.0,,0.0,,0.0,,1.0,1.0,3.0,0.0,,0.0,0.0,0.0,2.0,1.0,1.0,1.0,0.0,0.0,,186.0,3.0,34.26,-12.0,-9.0,15.0,-6.0,4.0,-1.0
2020-02-28,Japan,1,0.0,0.0,36.0,1.0,-12.0,-9.0,15.0,-6.0,4.0,-1.0,35.689721999999996,139.692222,POINT(139.692222 35.689722),7.9944440000000005,3.3722220000000003,11.027778,0.0,,0.0,,1.0,1.0,1.0,1.0,0.0,,0.0,,0.0,,1.0,1.0,3.0,0.0,,0.0,0.0,0.0,2.0,1.0,1.0,1.0,0.0,0.0,,210.0,3.0,34.26,-19.0,-13.0,11.0,-8.0,5.0,1.0
2020-02-29,Japan,1,1.0,0.0,37.0,1.0,-19.0,-13.0,11.0,-8.0,5.0,1.0,35.689721999999996,139.692222,POINT(139.692222 35.689722),9.87037,5.820988,12.858025,0.0508,,0.0,,1.0,1.0,1.0,1.0,0.0,,0.0,,0.0,,1.0,1.0,3.0,0.0,,0.0,0.0,0.0,2.0,1.0,1.0,1.0,0.0,0.0,,230.0,3.0,34.26,-25.0,-15.0,10.0,12.0,4.0,-1.0
2020-03-01,Japan,1,2.0,0.0,39.0,1.0,-25.0,-15.0,10.0,12.0,4.0,-1.0,35.689721999999996,139.692222,POINT(139.692222 35.689722),12.283951,6.234568,16.987654,2.286,,0.0,,1.0,1.0,1.0,1.0,0.0,,0.0,,0.0,,1.0,1.0,3.0,0.0,,0.0,0.0,0.0,2.0,1.0,1.0,1.0,0.0,0.0,,239.0,5.0,34.26,-16.0,-21.0,-5.0,-38.0,6.0,-5.0
2020-03-02,Japan,1,0.0,0.0,39.0,1.0,-16.0,-21.0,-5.0,-38.0,6.0,-5.0,35.689721999999996,139.692222,POINT(139.692222 35.689722),6.888889,5.3,9.566667,6.35,,3.0,0.0,1.0,1.0,1.0,1.0,0.0,,0.0,,0.0,,1.0,1.0,3.0,0.0,,0.0,0.0,0.0,2.0,1.0,1.0,1.0,0.0,0.0,,254.0,6.0,43.52,-16.0,-8.0,10.0,11.0,5.0,-6.0
2020-03-03,Japan,1,1.0,0.0,40.0,1.0,-16.0,-8.0,10.0,11.0,5.0,-6.0,35.689721999999996,139.692222,POINT(139.692222 35.689722),12.516667,7.45,16.705556,0.7257140000000001,,3.0,0.0,1.0,1.0,1.0,1.0,0.0,,0.0,,0.0,,1.0,1.0,3.0,0.0,,0.0,0.0,0.0,2.0,1.0,1.0,1.0,0.0,0.0,,254.0,6.0,43.52,-20.0,-20.0,-4.0,-26.0,7.0,-8.0
2020-03-04,Japan,1,4.0,0.0,44.0,1.0,-20.0,-20.0,-4.0,-26.0,7.0,-8.0,35.689721999999996,139.692222,POINT(139.692222 35.689722),8.45,6.617284,9.95679,0.677333,,3.0,0.0,1.0,1.0,1.0,1.0,0.0,,0.0,,0.0,,1.0,1.0,3.0,0.0,,0.0,0.0,0.0,2.0,1.0,1.0,1.0,0.0,0.0,,268.0,6.0,43.52,-18.0,-14.0,2.0,-10.0,7.0,-7.0
2020-03-05,Japan,1,8.0,0.0,52.0,1.0,-18.0,-14.0,2.0,-10.0,7.0,-7.0,35.689721999999996,139.692222,POINT(139.692222 35.689722),9.061111,5.638889,13.338889000000002,1.3969999999999998,,3.0,0.0,1.0,1.0,1.0,1.0,0.0,,0.0,,0.0,,1.0,1.0,3.0,0.0,,0.0,0.0,0.0,2.0,1.0,1.0,1.0,0.0,0.0,,317.0,6.0,43.52,-20.0,-14.0,4.0,1.0,7.0,-8.0
2020-03-06,Japan,1,6.0,0.0,58.0,1.0,-20.0,-14.0,4.0,1.0,7.0,-8.0,35.689721999999996,139.692222,POINT(139.692222 35.689722),9.538889,5.161111,14.338889000000002,0.0,,3.0,0.0,1.0,1.0,1.0,1.0,0.0,,0.0,,0.0,,1.0,1.0,3.0,0.0,,0.0,0.0,0.0,2.0,1.0,1.0,1.0,0.0,0.0,,349.0,6.0,43.52,-25.0,-18.0,2.0,-16.0,6.0,-6.0
2020-03-07,Japan,1,6.0,0.0,64.0,1.0,-25.0,-18.0,2.0,-16.0,6.0,-6.0,35.689721999999996,139.692222,POINT(139.692222 35.689722),7.481481,5.358025,10.512346,2.1166669999999996,,3.0,0.0,1.0,1.0,1.0,1.0,0.0,,0.0,,0.0,,1.0,1.0,3.0,0.0,,0.0,0.0,0.0,2.0,1.0,1.0,1.0,0.0,0.0,,408.0,6.0,43.52,-34.0,-26.0,-9.0,-54.0,7.0,-8.0
2020-03-08,Japan,1,0.0,0.0,64.0,1.0,-34.0,-26.0,-9.0,-54.0,7.0,-8.0,35.689721999999996,139.692222,POINT(139.692222 35.689722),7.888889,5.580247,10.401235,6.773333,,3.0,0.0,1.0,1.0,1.0,1.0,0.0,,0.0,,0.0,,1.0,1.0,3.0,0.0,,0.0,0.0,0.0,2.0,1.0,1.0,1.0,0.0,0.0,,455.0,6.0,43.52,-17.0,-13.0,4.0,6.0,5.0,-6.0
2020-03-09,Japan,1,0.0,1.0,64.0,2.0,-17.0,-13.0,4.0,6.0,5.0,-6.0,35.689721999999996,139.692222,POINT(139.692222 35.689722),14.827778,8.972222,19.144444,1.143,,3.0,0.0,1.0,1.0,1.0,1.0,0.0,,0.0,,0.0,,1.0,1.0,2.0,0.0,,0.0,0.0,0.0,2.0,1.0,1.0,1.0,0.0,0.0,,488.0,7.0,40.74,-19.0,-20.0,-10.0,-36.0,8.0,-10.0
2020-03-10,Japan,1,3.0,0.0,67.0,2.0,-19.0,-20.0,-10.0,-36.0,8.0,-10.0,35.689721999999996,139.692222,POINT(139.692222 35.689722),14.694444,12.566667,16.883333,14.054667000000002,,3.0,0.0,1.0,1.0,1.0,1.0,0.0,,0.0,,0.0,,1.0,1.0,2.0,0.0,,0.0,3685314415.0,0.0,2.0,1.0,1.0,1.0,468619258.0,0.0,,514.0,9.0,40.74,-18.0,-9.0,6.0,18.0,5.0,-8.0
2020-03-11,Japan,1,6.0,0.0,73.0,2.0,-18.0,-9.0,6.0,18.0,5.0,-8.0,35.689721999999996,139.692222,POINT(139.692222 35.689722),14.627778,7.944444,19.85,2.76225,,3.0,0.0,1.0,1.0,1.0,1.0,0.0,,0.0,,0.0,,1.0,1.0,2.0,0.0,,0.0,0.0,0.0,2.0,1.0,1.0,1.0,0.0,0.0,,568.0,12.0,40.74,-18.0,-10.0,4.0,9.0,6.0,-8.0
2020-03-12,Japan,1,2.0,0.0,75.0,2.0,-18.0,-10.0,4.0,9.0,6.0,-8.0,35.689721999999996,139.692222,POINT(139.692222 35.689722),11.505556,7.3,15.783332999999999,0.0,,3.0,0.0,1.0,1.0,1.0,1.0,0.0,,0.0,,0.0,,1.0,1.0,2.0,0.0,,0.0,0.0,0.0,2.0,1.0,1.0,1.0,0.0,0.0,,619.0,15.0,40.74,-19.0,-10.0,5.0,8.0,7.0,-8.0
2020-03-13,Japan,1,2.0,0.0,77.0,2.0,-19.0,-10.0,5.0,8.0,7.0,-8.0,35.689721999999996,139.692222,POINT(139.692222 35.689722),12.444444,7.6,17.694444,0.0,,3.0,0.0,1.0,1.0,1.0,1.0,0.0,,0.0,,0.0,,1.0,1.0,2.0,0.0,,0.0,0.0,0.0,2.0,1.0,1.0,1.0,0.0,0.0,,675.0,19.0,40.74,-30.0,-29.0,-17.0,-58.0,9.0,-11.0
2020-03-14,Japan,1,10.0,0.0,87.0,2.0,-30.0,-29.0,-17.0,-58.0,9.0,-11.0,35.689721999999996,139.692222,POINT(139.692222 35.689722),4.197531,1.5,7.8333330000000005,16.256,,3.0,0.0,1.0,1.0,1.0,1.0,0.0,,0.0,,0.0,,1.0,1.0,2.0,0.0,,0.0,0.0,0.0,2.0,1.0,1.0,1.0,0.0,0.0,,737.0,21.0,40.74,-24.0,-10.0,10.0,16.0,4.0,-3.0
2020-03-15,Japan,1,3.0,0.0,90.0,2.0,-24.0,-10.0,10.0,16.0,4.0,-3.0,35.689721999999996,139.692222,POINT(139.692222 35.689722),7.407407000000001,3.074074,11.185185,3.410857,,3.0,0.0,1.0,1.0,1.0,1.0,0.0,,0.0,,0.0,,1.0,1.0,2.0,0.0,,0.0,0.0,0.0,2.0,1.0,1.0,1.0,0.0,0.0,,780.0,22.0,40.74,-16.0,-13.0,0.0,-8.0,5.0,-5.0
2020-03-16,Japan,1,0.0,0.0,90.0,2.0,-16.0,-13.0,0.0,-8.0,5.0,-5.0,35.689721999999996,139.692222,POINT(139.692222 35.689722),7.4,3.0388889999999997,13.511110999999998,0.0,,3.0,0.0,1.0,1.0,1.0,1.0,0.0,,0.0,,0.0,,1.0,1.0,2.0,0.0,,2.0,0.0,0.0,2.0,1.0,1.0,1.0,0.0,0.0,,814.0,24.0,40.74,-17.0,-9.0,4.0,6.0,5.0,-7.0
2020-03-17,Japan,1,12.0,0.0,102.0,2.0,-17.0,-9.0,4.0,6.0,5.0,-7.0,35.689721999999996,139.692222,POINT(139.692222 35.689722),8.777778,3.577778,12.061111,0.0,,3.0,0.0,1.0,1.0,1.0,1.0,0.0,,0.0,,0.0,,1.0,1.0,2.0,0.0,,2.0,0.0,0.0,2.0,1.0,1.0,1.0,0.0,0.0,,824.0,28.0,40.74,-15.0,-9.0,4.0,21.0,5.0,-7.0
2020-03-18,Japan,1,9.0,0.0,111.0,2.0,-15.0,-9.0,4.0,21.0,5.0,-7.0,35.689721999999996,139.692222,POINT(139.692222 35.689722),13.1,7.3,17.755556,0.0,,3.0,0.0,1.0,1.0,1.0,1.0,0.0,,0.0,,0.0,,1.0,1.0,2.0,0.0,,2.0,0.0,0.0,2.0,1.0,1.0,1.0,0.0,0.0,,829.0,28.0,40.74,-13.0,-3.0,4.0,14.0,4.0,-8.0
2020-03-19,Japan,1,7.0,0.0,118.0,2.0,-13.0,-3.0,4.0,14.0,4.0,-8.0,35.689721999999996,139.692222,POINT(139.692222 35.689722),16.288889,9.577778,20.966667,0.042332999999999996,,3.0,0.0,1.0,1.0,1.0,1.0,0.0,,0.0,,0.0,,1.0,1.0,2.0,0.0,,2.0,0.0,0.0,2.0,1.0,1.0,1.0,0.0,0.0,,873.0,29.0,40.74,-44.0,-15.0,2.0,37.0,22.0,-66.0
2020-03-20,Japan,1,11.0,1.0,129.0,3.0,-44.0,-15.0,2.0,37.0,22.0,-66.0,35.689721999999996,139.692222,POINT(139.692222 35.689722),13.366667000000001,8.483333,18.561111,0.4064,,3.0,0.0,1.0,1.0,1.0,1.0,0.0,,0.0,,0.0,,1.0,1.0,2.0,0.0,,2.0,0.0,0.0,2.0,1.0,1.0,1.0,0.0,0.0,,950.0,33.0,40.74,-21.0,-13.0,4.0,38.0,4.0,-10.0
2020-03-21,Japan,1,7.0,1.0,136.0,4.0,-21.0,-13.0,4.0,38.0,4.0,-10.0,35.689721999999996,139.692222,POINT(139.692222 35.689722),15.180556,9.666667,20.118056,0.0,,3.0,0.0,1.0,1.0,1.0,1.0,0.0,,0.0,,0.0,,1.0,1.0,2.0,0.0,,2.0,0.0,0.0,2.0,1.0,1.0,1.0,0.0,0.0,,1007.0,35.0,40.74,-21.0,-13.0,4.0,51.0,2.0,-5.0
2020-03-22,Japan,1,3.0,0.0,139.0,4.0,-21.0,-13.0,4.0,51.0,2.0,-5.0,35.689721999999996,139.692222,POINT(139.692222 35.689722),16.533333,9.961111,22.022222,0.0,,3.0,0.0,1.0,1.0,1.0,1.0,0.0,,0.0,,0.0,,1.0,1.0,2.0,0.0,,2.0,0.0,0.0,2.0,1.0,1.0,1.0,0.0,0.0,,1046.0,36.0,40.74,-15.0,-13.0,0.0,2.0,5.0,-6.0
2020-03-23,Japan,1,16.0,0.0,155.0,4.0,-15.0,-13.0,0.0,2.0,5.0,-6.0,35.689721999999996,139.692222,POINT(139.692222 35.689722),8.888889,5.605556,12.25,0.254,,3.0,0.0,1.0,1.0,1.0,1.0,0.0,,0.0,,0.0,,1.0,1.0,2.0,0.0,,2.0,0.0,0.0,2.0,1.0,1.0,1.0,0.0,0.0,,1089.0,41.0,40.74,-16.0,-8.0,3.0,12.0,6.0,-9.0
2020-03-24,Japan,1,18.0,1.0,173.0,5.0,-16.0,-8.0,3.0,12.0,6.0,-9.0,35.689721999999996,139.692222,POINT(139.692222 35.689722),7.927778,4.027778,11.927778,0.0,,3.0,0.0,1.0,1.0,1.0,1.0,0.0,,0.0,,0.0,,1.0,1.0,2.0,0.0,,2.0,0.0,0.0,2.0,1.0,1.0,1.0,0.0,0.0,,1128.0,42.0,40.74,-14.0,-6.0,14.0,37.0,4.0,-8.0
2020-03-25,Japan,1,41.0,0.0,214.0,5.0,-14.0,-6.0,14.0,37.0,4.0,-8.0,35.689721999999996,139.692222,POINT(139.692222 35.689722),11.111111,5.677778,15.244444,0.0,,3.0,0.0,1.0,1.0,1.0,1.0,0.0,,0.0,,0.0,,1.0,1.0,2.0,0.0,,2.0,0.0,0.0,2.0,1.0,1.0,1.0,0.0,0.0,,1193.0,43.0,40.74,-17.0,-10.0,25.0,26.0,6.0,-10.0
2020-03-26,Japan,1,46.0,0.0,260.0,5.0,-17.0,-10.0,25.0,26.0,6.0,-10.0,35.689721999999996,139.692222,POINT(139.692222 35.689722),13.944444,8.683333,19.327778,0.0,,3.0,0.0,1.0,1.0,1.0,1.0,0.0,,0.0,,0.0,,1.0,1.0,2.0,0.0,,2.0,0.0,0.0,2.0,1.0,1.0,1.0,0.0,0.0,,1268.0,45.0,40.74,-25.0,-20.0,13.0,4.0,10.0,-15.0
2020-03-27,Japan,1,40.0,1.0,300.0,6.0,-25.0,-20.0,13.0,4.0,10.0,-15.0,35.689721999999996,139.692222,POINT(139.692222 35.689722),18.227778,12.394444,21.011111,0.0,,3.0,0.0,1.0,1.0,1.0,1.0,0.0,,0.0,,0.0,,1.0,1.0,2.0,0.0,,2.0,0.0,0.0,2.0,1.0,1.0,1.0,0.0,0.0,,1364.0,46.0,40.74,-46.0,-46.0,-6.0,-31.0,13.0,-19.0
2020-03-28,Japan,1,64.0,1.0,364.0,7.0,-46.0,-46.0,-6.0,-31.0,13.0,-19.0,35.689721999999996,139.692222,POINT(139.692222 35.689722),12.388889,1.875,22.283951000000002,11.260667,,3.0,0.0,1.0,1.0,1.0,1.0,0.0,,0.0,,0.0,,1.0,1.0,2.0,0.0,,2.0,0.0,0.0,2.0,1.0,1.0,1.0,0.0,0.0,,1499.0,49.0,40.74,-59.0,-63.0,-32.0,-66.0,14.0,-27.0
2020-03-29,Japan,1,72.0,1.0,436.0,8.0,-59.0,-63.0,-32.0,-66.0,14.0,-27.0,35.689721999999996,139.692222,POINT(139.692222 35.689722),3.055556,0.8209879999999999,6.1543209999999995,27.178,,3.0,0.0,1.0,1.0,1.0,1.0,0.0,,0.0,,0.0,,1.0,1.0,2.0,0.0,,2.0,0.0,0.0,2.0,1.0,1.0,1.0,0.0,0.0,,1693.0,52.0,40.74,-27.0,-24.0,9.0,-14.0,10.0,-16.0
2020-03-30,Japan,1,12.0,1.0,448.0,9.0,-27.0,-24.0,9.0,-14.0,10.0,-16.0,35.689721999999996,139.692222,POINT(139.692222 35.689722),8.527778,5.266667,9.783333,1.93675,,3.0,0.0,1.0,1.0,1.0,1.0,0.0,,0.0,,0.0,,1.0,1.0,2.0,0.0,,2.0,0.0,0.0,2.0,1.0,1.0,1.0,0.0,0.0,,1866.0,54.0,40.74,-27.0,-23.0,5.0,-10.0,10.0,-16.0
2020-03-31,Japan,1,78.0,7.0,526.0,16.0,-27.0,-23.0,5.0,-10.0,10.0,-16.0,35.689721999999996,139.692222,POINT(139.692222 35.689722),10.205556,8.694444,11.716667,0.423333,,3.0,0.0,1.0,1.0,1.0,1.0,0.0,,0.0,,0.0,,1.0,1.0,2.0,0.0,,2.0,0.0,0.0,2.0,1.0,1.0,1.0,0.0,0.0,,1953.0,56.0,40.74,-31.0,-38.0,-13.0,-44.0,13.0,-20.0
2020-04-01,Japan,1,67.0,0.0,593.0,16.0,-31.0,-38.0,-13.0,-44.0,13.0,-20.0,35.689721999999996,139.692222,POINT(139.692222 35.689722),12.455556,10.161111,15.105556,17.441333,,3.0,0.0,1.0,1.0,1.0,1.0,0.0,,0.0,,0.0,,1.0,1.0,2.0,0.0,,2.0,0.0,0.0,2.0,1.0,1.0,1.0,0.0,0.0,,1953.0,56.0,40.74,-32.0,-28.0,7.0,-2.0,12.0,-21.0
2020-04-02,Japan,1,98.0,0.0,691.0,16.0,-32.0,-28.0,7.0,-2.0,12.0,-21.0,35.689721999999996,139.692222,POINT(139.692222 35.689722),13.177778,7.35,19.277778,3.2004,,3.0,0.0,1.0,1.0,1.0,1.0,0.0,,0.0,,0.0,,1.0,1.0,2.0,0.0,,2.0,0.0,834353051822.0,2.0,1.0,1.0,1.0,0.0,0.0,,2178.0,57.0,40.74,-33.0,-30.0,9.0,4.0,14.0,-22.0
2020-04-03,Japan,1,92.0,2.0,783.0,18.0,-33.0,-30.0,9.0,4.0,14.0,-22.0,35.689721999999996,139.692222,POINT(139.692222 35.689722),13.816667,8.35,17.3,0.0,,3.0,0.0,1.0,1.0,1.0,1.0,0.0,,0.0,,0.0,,1.0,1.0,3.0,0.0,,2.0,0.0,0.0,2.0,1.0,1.0,1.0,0.0,0.0,,2617.0,63.0,43.52,-48.0,-42.0,5.0,4.0,13.0,-25.0
2020-04-04,Japan,1,118.0,5.0,901.0,23.0,-48.0,-42.0,5.0,4.0,13.0,-25.0,35.689721999999996,139.692222,POINT(139.692222 35.689722),16.148148000000003,9.703704,21.179012,0.0,,3.0,0.0,1.0,1.0,1.0,1.0,0.0,,0.0,,0.0,,1.0,1.0,3.0,0.0,,2.0,0.0,0.0,2.0,1.0,1.0,1.0,0.0,0.0,,2935.0,69.0,43.52,-58.0,-50.0,-4.0,-30.0,12.0,-27.0
2020-04-05,Japan,1,141.0,7.0,1042.0,30.0,-58.0,-50.0,-4.0,-30.0,12.0,-27.0,35.689721999999996,139.692222,POINT(139.692222 35.689722),9.461111,6.511111,13.2,0.08466699999999999,,3.0,0.0,1.0,1.0,1.0,1.0,0.0,,0.0,,0.0,,1.0,1.0,3.0,0.0,,2.0,0.0,0.0,2.0,1.0,1.0,1.0,0.0,0.0,,3271.0,70.0,43.52,-32.0,-29.0,12.0,3.0,12.0,-22.0
2020-04-06,Japan,1,85.0,0.0,1127.0,30.0,-32.0,-29.0,12.0,3.0,12.0,-22.0,35.689721999999996,139.692222,POINT(139.692222 35.689722),13.033333,8.144444,17.388889000000002,0.0,,3.0,0.0,1.0,1.0,1.0,1.0,0.0,,0.0,,0.0,,1.0,1.0,3.0,0.0,,2.0,0.0,0.0,2.0,1.0,1.0,1.0,0.0,0.0,,3654.0,73.0,43.52,-38.0,-32.0,4.0,-3.0,15.0,-27.0
2020-04-07,Japan,1,87.0,1.0,1214.0,31.0,-38.0,-32.0,4.0,-3.0,15.0,-27.0,35.689721999999996,139.692222,POINT(139.692222 35.689722),12.955556,8.755556,16.777778,0.0,,3.0,0.0,1.0,1.0,1.0,1.0,0.0,,0.0,,1.0,0.0,1.0,1.0,3.0,0.0,,2.0,990863000000.0,0.0,2.0,1.0,1.0,1.0,0.0,0.0,,3906.0,80.0,45.37,-46.0,-45.0,-1.0,4.0,18.0,-35.0
2020-04-08,Japan,1,156.0,4.0,1370.0,35.0,-46.0,-45.0,-1.0,4.0,18.0,-35.0,35.689721999999996,139.692222,POINT(139.692222 35.689722),15.583332999999998,10.6,19.688889,0.0,,3.0,0.0,1.0,1.0,1.0,1.0,0.0,,0.0,,1.0,0.0,1.0,1.0,3.0,0.0,,2.0,0.0,0.0,2.0,1.0,1.0,1.0,0.0,0.0,,4257.0,81.0,45.37,-49.0,-47.0,-3.0,-6.0,21.0,-38.0
2020-04-09,Japan,1,183.0,1.0,1553.0,36.0,-49.0,-47.0,-3.0,-6.0,21.0,-38.0,35.689721999999996,139.692222,POINT(139.692222 35.689722),13.038889,8.588889,18.511111,0.381,,3.0,0.0,1.0,1.0,1.0,1.0,0.0,,0.0,,1.0,0.0,1.0,1.0,3.0,0.0,,2.0,0.0,0.0,2.0,1.0,1.0,1.0,0.0,0.0,,4768.0,85.0,45.37,-51.0,-48.0,3.0,-10.0,23.0,-39.0
2020-04-10,Japan,1,199.0,4.0,1752.0,40.0,-51.0,-48.0,3.0,-10.0,23.0,-39.0,35.689721999999996,139.692222,POINT(139.692222 35.689722),11.861111,7.905556,16.211111,0.0508,,3.0,0.0,1.0,1.0,1.0,1.0,0.0,,0.0,,1.0,0.0,1.0,1.0,3.0,0.0,,2.0,0.0,0.0,2.0,1.0,1.0,1.0,0.0,0.0,,5347.0,88.0,45.37,-59.0,-52.0,1.0,-6.0,17.0,-37.0
2020-04-11,Japan,1,198.0,0.0,1950.0,40.0,-59.0,-52.0,1.0,-6.0,17.0,-37.0,35.689721999999996,139.692222,POINT(139.692222 35.689722),11.845678999999999,7.339506,16.283951000000002,0.127,,3.0,0.0,1.0,1.0,1.0,1.0,0.0,,0.0,,1.0,0.0,1.0,1.0,3.0,0.0,,2.0,0.0,0.0,2.0,1.0,1.0,1.0,0.0,0.0,,6005.0,94.0,45.37,-66.0,-59.0,-10.0,-31.0,15.0,-38.0
2020-04-12,Japan,1,174.0,2.0,2124.0,42.0,-66.0,-59.0,-10.0,-31.0,15.0,-38.0,35.689721999999996,139.692222,POINT(139.692222 35.689722),10.648147999999999,7.746914,13.783951,11.345333,,3.0,0.0,1.0,1.0,1.0,1.0,0.0,,0.0,,1.0,0.0,1.0,1.0,3.0,0.0,,2.0,0.0,0.0,2.0,1.0,1.0,1.0,0.0,0.0,,6748.0,98.0,45.37,-56.0,-65.0,-34.0,-65.0,25.0,-43.0
2020-04-13,Japan,1,100.0,0.0,2224.0,42.0,-56.0,-65.0,-34.0,-65.0,25.0,-43.0,35.689721999999996,139.692222,POINT(139.692222 35.689722),8.172222,6.183333,10.994444,56.726667000000006,,3.0,0.0,1.0,1.0,1.0,1.0,0.0,,0.0,,1.0,0.0,1.0,1.0,3.0,0.0,,2.0,0.0,0.0,2.0,1.0,1.0,1.0,0.0,0.0,,7255.0,102.0,45.37,-54.0,-47.0,7.0,-2.0,23.0,-44.0
2020-04-14,Japan,1,159.0,5.0,2383.0,47.0,-54.0,-47.0,7.0,-2.0,23.0,-44.0,35.689721999999996,139.692222,POINT(139.692222 35.689722),12.061111,6.5777779999999995,16.722222,11.6078,,3.0,0.0,1.0,1.0,1.0,1.0,0.0,,0.0,,1.0,0.0,1.0,1.0,3.0,0.0,,2.0,0.0,0.0,2.0,1.0,1.0,1.0,0.0,0.0,,7645.0,109.0,45.37,-53.0,-49.0,5.0,11.0,23.0,-45.0
2020-04-15,Japan,1,127.0,6.0,2510.0,53.0,-53.0,-49.0,5.0,11.0,23.0,-45.0,35.689721999999996,139.692222,POINT(139.692222 35.689722),15.305556,8.372222,19.922222,0.0,,3.0,0.0,1.0,1.0,1.0,1.0,0.0,,0.0,,1.0,0.0,1.0,1.0,3.0,0.0,,2.0,0.0,0.0,2.0,1.0,1.0,1.0,0.0,0.0,,8100.0,119.0,45.37,-56.0,-52.0,-1.0,-8.0,24.0,-46.0
2020-04-16,Japan,1,151.0,3.0,2661.0,56.0,-56.0,-52.0,-1.0,-8.0,24.0,-46.0,35.689721999999996,139.692222,POINT(139.692222 35.689722),11.494444,8.961111,14.983332999999998,0.4572,,3.0,0.0,1.0,1.0,1.0,1.0,0.0,,0.0,,1.0,1.0,1.0,1.0,3.0,1.0,1.0,2.0,0.0,2458012369.26,2.0,1.0,1.0,1.0,0.0,0.0,,8582.0,136.0,47.22,-57.0,-53.0,7.0,-8.0,26.0,-46.0
2020-04-17,Japan,1,206.0,7.0,2867.0,63.0,-57.0,-53.0,7.0,-8.0,26.0,-46.0,35.689721999999996,139.692222,POINT(139.692222 35.689722),13.6,10.122222,16.372222,9.8552,,3.0,0.0,1.0,1.0,1.0,1.0,0.0,,0.0,,1.0,1.0,1.0,1.0,3.0,1.0,1.0,2.0,0.0,0.0,2.0,1.0,1.0,1.0,0.0,0.0,,9167.0,148.0,47.22,-70.0,-72.0,-30.0,-66.0,22.0,-44.0
2020-04-18,Japan,1,186.0,5.0,3053.0,68.0,-70.0,-72.0,-30.0,-66.0,22.0,-44.0,35.689721999999996,139.692222,POINT(139.692222 35.689722),13.388889,10.277778,17.0,64.092667,,3.0,0.0,1.0,1.0,1.0,1.0,0.0,,0.0,,1.0,1.0,1.0,1.0,3.0,1.0,1.0,2.0,0.0,0.0,2.0,1.0,1.0,1.0,0.0,0.0,,9795.0,154.0,47.22,-61.0,-54.0,2.0,12.0,13.0,-36.0
2020-04-19,Japan,1,109.0,3.0,3162.0,71.0,-61.0,-54.0,2.0,12.0,13.0,-36.0,35.689721999999996,139.692222,POINT(139.692222 35.689722),14.882716,8.746914,20.987654,23.029332999999998,,3.0,0.0,1.0,1.0,1.0,1.0,0.0,,0.0,,1.0,1.0,1.0,1.0,3.0,1.0,1.0,2.0,0.0,0.0,2.0,1.0,1.0,1.0,0.0,0.0,,10361.0,161.0,47.22,-58.0,-63.0,-21.0,-58.0,25.0,-46.0
2020-04-20,Japan,1,101.0,6.0,3263.0,77.0,-58.0,-63.0,-21.0,-58.0,25.0,-46.0,35.689721999999996,139.692222,POINT(139.692222 35.689722),10.233333,8.761111,14.161110999999998,8.974667,,3.0,0.0,1.0,1.0,1.0,1.0,0.0,,0.0,,1.0,1.0,1.0,1.0,3.0,1.0,1.0,2.0,0.0,0.0,2.0,1.0,1.0,1.0,16801000000.0,0.0,,10751.0,171.0,47.22,-56.0,-53.0,1.0,0.0,24.0,-47.0
2020-04-21,Japan,1,123.0,4.0,3386.0,81.0,-56.0,-53.0,1.0,0.0,24.0,-47.0,35.689721999999996,139.692222,POINT(139.692222 35.689722),15.611111,11.361111,18.75,1.016,,3.0,0.0,1.0,1.0,1.0,1.0,0.0,,0.0,,1.0,1.0,1.0,1.0,3.0,1.0,1.0,2.0,0.0,0.0,2.0,1.0,1.0,1.0,0.0,0.0,,11118.0,186.0,47.22,-58.0,-57.0,-7.0,-11.0,25.0,-48.0
2020-04-22,Japan,1,123.0,0.0,3509.0,81.0,-58.0,-57.0,-7.0,-11.0,25.0,-48.0,35.689721999999996,139.692222,POINT(139.692222 35.689722),13.083333,8.766667,18.233333,0.1016,,3.0,0.0,1.0,1.0,1.0,1.0,0.0,,0.0,,1.0,1.0,1.0,1.0,3.0,1.0,1.0,2.0,0.0,0.0,2.0,1.0,1.0,1.0,0.0,0.0,,11496.0,186.0,47.22,-58.0,-56.0,-5.0,-10.0,25.0,-48.0
2020-04-23,Japan,1,134.0,6.0,3643.0,87.0,-58.0,-56.0,-5.0,-10.0,25.0,-48.0,35.689721999999996,139.692222,POINT(139.692222 35.689722),12.461111,8.594444000000001,16.583333,0.508,,3.0,0.0,1.0,1.0,1.0,1.0,0.0,,0.0,,1.0,1.0,1.0,1.0,3.0,1.0,1.0,2.0,0.0,0.0,2.0,1.0,1.0,1.0,0.0,0.0,,11772.0,287.0,47.22,-57.0,-57.0,-3.0,-15.0,27.0,-46.0
2020-04-24,Japan,1,170.0,6.0,3813.0,93.0,-57.0,-57.0,-3.0,-15.0,27.0,-46.0,35.689721999999996,139.692222,POINT(139.692222 35.689722),12.405555999999999,7.705556,17.072222,0.22225,,3.0,0.0,1.0,1.0,1.0,1.0,0.0,,0.0,,1.0,1.0,1.0,1.0,3.0,1.0,1.0,2.0,0.0,0.0,2.0,1.0,1.0,1.0,0.0,0.0,,12240.0,317.0,47.22,-60.0,-59.0,-8.0,-18.0,18.0,-39.0
2020-04-25,Japan,1,119.0,7.0,3932.0,100.0,-60.0,-59.0,-8.0,-18.0,18.0,-39.0,35.689721999999996,139.692222,POINT(139.692222 35.689722),14.91358,8.969136,18.58642,0.05644400000000001,,3.0,0.0,1.0,1.0,1.0,1.0,0.0,,0.0,,1.0,1.0,1.0,1.0,3.0,1.0,1.0,2.0,0.0,0.0,2.0,1.0,1.0,1.0,0.0,0.0,,12892.0,334.0,47.22,-65.0,-61.0,-11.0,-11.0,15.0,-39.0
2020-04-26,Japan,1,82.0,0.0,4014.0,100.0,-65.0,-61.0,-11.0,-11.0,15.0,-39.0,35.689721999999996,139.692222,POINT(139.692222 35.689722),18.240741,11.290123,23.746914,0.0,,3.0,0.0,1.0,1.0,1.0,1.0,0.0,,0.0,,1.0,1.0,1.0,1.0,3.0,1.0,1.0,2.0,0.0,0.0,2.0,1.0,1.0,1.0,0.0,0.0,,13182.0,348.0,47.22,-57.0,-59.0,-17.0,-36.0,25.0,-46.0
2020-04-27,Japan,1,41.0,6.0,4055.0,106.0,-57.0,-59.0,-17.0,-36.0,25.0,-46.0,35.689721999999996,139.692222,POINT(139.692222 35.689722),12.638889,9.85,16.927778,5.08,,3.0,0.0,1.0,1.0,1.0,1.0,0.0,,0.0,,1.0,1.0,1.0,1.0,3.0,1.0,1.0,2.0,0.0,0.0,2.0,1.0,1.0,1.0,0.0,0.0,,13385.0,351.0,47.22,-56.0,-53.0,-4.0,-19.0,24.0,-47.0
2020-04-28,Japan,1,113.0,2.0,4168.0,108.0,-56.0,-53.0,-4.0,-19.0,24.0,-47.0,35.689721999999996,139.692222,POINT(139.692222 35.689722),13.983332999999998,10.277778,18.0,3.1496,,3.0,0.0,1.0,1.0,1.0,1.0,0.0,,0.0,,1.0,1.0,1.0,1.0,3.0,1.0,1.0,2.0,0.0,0.0,2.0,1.0,1.0,1.0,0.0,0.0,,13576.0,376.0,47.22,-73.0,-57.0,-9.0,13.0,32.0,-78.0
2020-04-29,Japan,1,47.0,9.0,4215.0,117.0,-73.0,-57.0,-9.0,13.0,32.0,-78.0,35.689721999999996,139.692222,POINT(139.692222 35.689722),16.777778,11.796296,20.604938,1.4675559999999999,,3.0,0.0,1.0,1.0,1.0,1.0,0.0,,0.0,,1.0,1.0,1.0,1.0,3.0,1.0,1.0,2.0,0.0,0.0,2.0,1.0,1.0,1.0,0.0,0.0,,13852.0,389.0,47.22,-57.0,-54.0,-1.0,-4.0,26.0,-50.0
2020-04-30,Japan,1,59.0,3.0,4274.0,120.0,-57.0,-54.0,-1.0,-4.0,26.0,-50.0,35.689721999999996,139.692222,POINT(139.692222 35.689722),19.461111,15.033332999999999,23.283333,0.0,,3.0,0.0,1.0,1.0,1.0,1.0,0.0,,0.0,,1.0,1.0,1.0,1.0,3.0,1.0,1.0,2.0,0.0,150000000.0,2.0,1.0,1.0,1.0,0.0,0.0,,14088.0,415.0,47.22,-59.0,-57.0,-2.0,-6.0,28.0,-51.0
2020-05-01,Japan,1,165.0,6.0,4439.0,126.0,-59.0,-57.0,-2.0,-6.0,28.0,-51.0,35.689721999999996,139.692222,POINT(139.692222 35.689722),20.433332999999998,16.194444,24.322222,0.0,,3.0,0.0,1.0,1.0,1.0,1.0,0.0,,0.0,,1.0,1.0,1.0,1.0,3.0,1.0,1.0,2.0,0.0,0.0,2.0,1.0,1.0,1.0,0.0,0.0,,14281.0,432.0,47.22,-62.0,-61.0,-8.0,-14.0,19.0,-41.0
2020-05-02,Japan,1,154.0,15.0,4593.0,141.0,-62.0,-61.0,-8.0,-14.0,19.0,-41.0,35.689721999999996,139.692222,POINT(139.692222 35.689722),21.969136,17.061728,26.376542999999998,0.0,,3.0,0.0,1.0,1.0,1.0,1.0,0.0,,0.0,,1.0,1.0,1.0,1.0,3.0,1.0,1.0,2.0,0.0,0.0,2.0,1.0,1.0,1.0,0.0,0.0,,14544.0,458.0,47.22,-64.0,-60.0,-8.0,-8.0,15.0,-40.0
2020-05-03,Japan,1,93.0,4.0,4686.0,145.0,-64.0,-60.0,-8.0,-8.0,15.0,-40.0,35.689721999999996,139.692222,POINT(139.692222 35.689722),20.87037,16.962963000000002,24.895062,0.508,,3.0,0.0,1.0,1.0,1.0,1.0,0.0,,0.0,,1.0,1.0,1.0,1.0,3.0,1.0,1.0,2.0,0.0,0.0,2.0,1.0,1.0,1.0,0.0,0.0,,14839.0,492.0,47.22,-76.0,-60.0,-15.0,-19.0,36.0,-80.0
2020-05-04,Japan,1,87.0,5.0,4773.0,150.0,-76.0,-60.0,-15.0,-19.0,36.0,-80.0,35.689721999999996,139.692222,POINT(139.692222 35.689722),19.339506,16.783951000000002,22.697531,1.524,,3.0,0.0,1.0,1.0,1.0,1.0,0.0,,0.0,,1.0,1.0,1.0,1.0,3.0,1.0,1.0,2.0,0.0,0.0,2.0,1.0,1.0,1.0,0.0,0.0,,15057.0,510.0,47.22,-75.0,-57.0,-10.0,4.0,36.0,-81.0
2020-05-05,Japan,1,57.0,0.0,4830.0,150.0,-75.0,-57.0,-10.0,4.0,36.0,-81.0,35.689721999999996,139.692222,POINT(139.692222 35.689722),20.709877,15.345679,27.549383000000002,2.709333,,3.0,0.0,1.0,1.0,1.0,1.0,0.0,,0.0,,1.0,1.0,1.0,1.0,3.0,1.0,1.0,2.0,0.0,0.0,2.0,1.0,1.0,1.0,0.0,0.0,,15231.0,521.0,47.22,-78.0,-68.0,-27.0,-45.0,37.0,-80.0
2020-05-06,Japan,1,37.0,5.0,4867.0,155.0,-78.0,-68.0,-27.0,-45.0,37.0,-80.0,35.689721999999996,139.692222,POINT(139.692222 35.689722),15.555556,13.358025,17.290123,9.9695,,3.0,0.0,1.0,1.0,1.0,1.0,0.0,,0.0,,1.0,1.0,1.0,1.0,3.0,1.0,1.0,2.0,0.0,0.0,2.0,1.0,1.0,1.0,0.0,0.0,,15354.0,543.0,47.22,-51.0,-53.0,-1.0,-7.0,22.0,-42.0
2020-05-07,Japan,1,23.0,5.0,4890.0,160.0,-51.0,-53.0,-1.0,-7.0,22.0,-42.0,35.689721999999996,139.692222,POINT(139.692222 35.689722),16.727778,11.85,21.872222,3.2004,,3.0,0.0,1.0,1.0,1.0,1.0,0.0,,0.0,,1.0,1.0,1.0,1.0,3.0,1.0,1.0,2.0,0.0,0.0,2.0,1.0,1.0,1.0,0.0,0.0,,15463.0,551.0,47.22,-54.0,-55.0,-2.0,-6.0,25.0,-43.0
2020-05-08,Japan,1,39.0,11.0,4929.0,171.0,-54.0,-55.0,-2.0,-6.0,25.0,-43.0,35.689721999999996,139.692222,POINT(139.692222 35.689722),17.666667,13.211110999999999,21.872222,0.0,,3.0,0.0,1.0,1.0,1.0,1.0,0.0,,0.0,,1.0,1.0,1.0,1.0,3.0,1.0,1.0,2.0,0.0,0.0,2.0,1.0,1.0,1.0,0.0,0.0,,15547.0,557.0,47.22,-56.0,-55.0,-6.0,-19.0,17.0,-33.0
2020-05-09,Japan,1,36.0,9.0,4965.0,180.0,-56.0,-55.0,-6.0,-19.0,17.0,-33.0,35.689721999999996,139.692222,POINT(139.692222 35.689722),18.648148000000003,15.049382999999999,21.358025,0.3048,,3.0,0.0,1.0,1.0,1.0,1.0,0.0,,0.0,,1.0,1.0,1.0,1.0,3.0,1.0,1.0,2.0,0.0,0.0,2.0,1.0,1.0,1.0,0.0,0.0,,15628.0,601.0,47.22,-60.0,-55.0,-7.0,-18.0,14.0,-34.0
2020-05-10,Japan,1,22.0,0.0,4987.0,180.0,-60.0,-55.0,-7.0,-18.0,14.0,-34.0,35.689721999999996,139.692222,POINT(139.692222 35.689722),22.080247,17.932098999999997,24.753086,0.254,,3.0,0.0,1.0,1.0,1.0,1.0,0.0,,0.0,,1.0,1.0,1.0,1.0,3.0,1.0,1.0,2.0,0.0,0.0,2.0,1.0,1.0,1.0,0.0,0.0,,15747.0,613.0,47.22,-50.0,-54.0,-6.0,-7.0,21.0,-40.0
2020-05-11,Japan,1,15.0,9.0,5002.0,189.0,-50.0,-54.0,-6.0,-7.0,21.0,-40.0,35.689721999999996,139.692222,POINT(139.692222 35.689722),23.038889,19.194444,27.377778000000003,0.217714,,3.0,0.0,1.0,1.0,1.0,1.0,0.0,,0.0,,1.0,1.0,1.0,1.0,3.0,1.0,1.0,2.0,0.0,0.0,2.0,1.0,1.0,1.0,0.0,0.0,,15798.0,621.0,47.22,-53.0,-53.0,-4.0,-6.0,23.0,-44.0
2020-05-12,Japan,1,27.0,7.0,5029.0,196.0,-53.0,-53.0,-4.0,-6.0,23.0,-44.0,35.689721999999996,139.692222,POINT(139.692222 35.689722),21.766667,18.127778,24.961111,0.0,,3.0,0.0,1.0,1.0,1.0,1.0,0.0,,0.0,,1.0,1.0,1.0,1.0,3.0,1.0,1.0,2.0,0.0,0.0,2.0,1.0,1.0,1.0,0.0,0.0,,15874.0,643.0,47.22,-54.0,-53.0,-5.0,-2.0,23.0,-44.0
2020-05-13,Japan,1,10.0,7.0,5039.0,203.0,-54.0,-53.0,-5.0,-2.0,23.0,-44.0,35.689721999999996,139.692222,POINT(139.692222 35.689722),22.066667000000002,16.711111,27.461111,0.0,,3.0,0.0,1.0,1.0,1.0,1.0,0.0,,0.0,,1.0,1.0,1.0,1.0,3.0,1.0,1.0,2.0,0.0,100000000.0,2.0,1.0,1.0,1.0,0.0,0.0,,16024.0,668.0,47.22,-53.0,-53.0,-5.0,-4.0,23.0,-44.0
2020-05-14,Japan,1,30.0,9.0,5069.0,212.0,-53.0,-53.0,-5.0,-4.0,23.0,-44.0,35.689721999999996,139.692222,POINT(139.692222 35.689722),21.45,16.75,25.05,0.0,,3.0,0.0,1.0,0.0,1.0,0.0,0.0,,0.0,,1.0,0.0,1.0,1.0,3.0,1.0,1.0,2.0,0.0,0.0,2.0,1.0,1.0,1.0,0.0,0.0,,16079.0,687.0,40.74,-53.0,-54.0,-1.0,-9.0,25.0,-43.0
2020-05-15,Japan,1,9.0,7.0,5078.0,219.0,-53.0,-54.0,-1.0,-9.0,25.0,-43.0,35.689721999999996,139.692222,POINT(139.692222 35.689722),22.4,18.455556,25.988889,0.0,,3.0,0.0,1.0,0.0,1.0,0.0,0.0,,0.0,,1.0,0.0,1.0,1.0,3.0,1.0,1.0,2.0,0.0,2700000000.0,2.0,1.0,1.0,1.0,0.0,0.0,,16193.0,710.0,40.74,-62.0,-64.0,-26.0,-65.0,19.0,-37.0
2020-05-16,Japan,1,14.0,11.0,5092.0,230.0,-62.0,-64.0,-26.0,-65.0,19.0,-37.0,35.689721999999996,139.692222,POINT(139.692222 35.689722),17.561728,15.969135999999999,21.209877,9.652000000000001,,3.0,0.0,1.0,0.0,1.0,0.0,0.0,,0.0,,1.0,0.0,1.0,1.0,3.0,1.0,1.0,2.0,0.0,0.0,2.0,1.0,1.0,1.0,0.0,0.0,,16237.0,725.0,40.74,-56.0,-48.0,3.0,3.0,12.0,-31.0
2020-05-17,Japan,1,5.0,7.0,5097.0,237.0,-56.0,-48.0,3.0,3.0,12.0,-31.0,35.689721999999996,139.692222,POINT(139.692222 35.689722),22.67284,17.290123,27.32716,3.3866669999999996,,3.0,0.0,1.0,0.0,1.0,0.0,0.0,,0.0,,1.0,0.0,1.0,1.0,3.0,1.0,1.0,2.0,0.0,0.0,2.0,1.0,1.0,1.0,0.0,0.0,,16285.0,744.0,40.74,-51.0,-55.0,-11.0,-32.0,22.0,-41.0
2020-05-18,Japan,1,10.0,4.0,5107.0,241.0,-51.0,-55.0,-11.0,-32.0,22.0,-41.0,35.689721999999996,139.692222,POINT(139.692222 35.689722),19.022222,17.977778,20.033333,9.2075,,3.0,0.0,1.0,0.0,1.0,0.0,0.0,,0.0,,1.0,0.0,1.0,1.0,3.0,1.0,1.0,2.0,0.0,0.0,2.0,1.0,1.0,1.0,0.0,0.0,,16305.0,749.0,40.74,-55.0,-57.0,-17.0,-51.0,25.0,-45.0
2020-05-19,Japan,1,5.0,3.0,5112.0,244.0,-55.0,-57.0,-17.0,-51.0,25.0,-45.0,35.689721999999996,139.692222,POINT(139.692222 35.689722),16.366667,11.388889,19.469136,35.814,,3.0,0.0,1.0,0.0,1.0,0.0,0.0,,0.0,,1.0,0.0,1.0,1.0,3.0,1.0,1.0,2.0,491257000.0,0.0,2.0,1.0,1.0,1.0,0.0,0.0,,16365.0,763.0,40.74,-52.0,-52.0,-6.0,-27.0,23.0,-43.0
2020-05-20,Japan,1,5.0,3.0,5117.0,247.0,-52.0,-52.0,-6.0,-27.0,23.0,-43.0,35.689721999999996,139.692222,POINT(139.692222 35.689722),12.844444000000001,10.811111,15.1,4.0132,,3.0,0.0,1.0,0.0,1.0,0.0,0.0,,0.0,,1.0,0.0,1.0,1.0,3.0,1.0,1.0,2.0,0.0,0.0,2.0,1.0,1.0,1.0,0.0,0.0,,16385.0,771.0,40.74,-53.0,-54.0,-9.0,-32.0,24.0,-43.0
2020-05-21,Japan,1,11.0,9.0,5128.0,256.0,-53.0,-54.0,-9.0,-32.0,24.0,-43.0,35.689721999999996,139.692222,POINT(139.692222 35.689722),13.205556,11.233333,15.188889000000001,0.762,,3.0,0.0,1.0,0.0,1.0,0.0,0.0,,0.0,,1.0,0.0,1.0,1.0,3.0,1.0,1.0,2.0,0.0,0.0,2.0,1.0,1.0,1.0,0.0,0.0,,16424.0,777.0,40.74,-52.0,-53.0,-5.0,-24.0,25.0,-41.0
2020-05-22,Japan,1,3.0,7.0,5131.0,263.0,-52.0,-53.0,-5.0,-24.0,25.0,-41.0,35.689721999999996,139.692222,POINT(139.692222 35.689722),16.422222,14.038889000000001,18.288889,1.016,,3.0,0.0,1.0,0.0,1.0,0.0,0.0,,0.0,,1.0,0.0,1.0,1.0,3.0,1.0,1.0,2.0,0.0,0.0,2.0,1.0,1.0,1.0,0.0,0.0,,16513.0,796.0,40.74,-52.0,-49.0,-2.0,-19.0,16.0,-31.0
2020-05-23,Japan,1,2.0,8.0,5133.0,271.0,-52.0,-49.0,-2.0,-19.0,16.0,-31.0,35.689721999999996,139.692222,POINT(139.692222 35.689722),18.951389000000002,15.6875,22.444444,0.2032,,3.0,0.0,1.0,0.0,1.0,0.0,0.0,,0.0,,1.0,0.0,1.0,1.0,3.0,1.0,1.0,2.0,0.0,0.0,2.0,1.0,1.0,1.0,0.0,0.0,,16536.0,808.0,40.74,-53.0,-46.0,-2.0,7.0,12.0,-29.0
2020-05-24,Japan,1,14.0,9.0,5147.0,280.0,-53.0,-46.0,-2.0,7.0,12.0,-29.0,35.689721999999996,139.692222,POINT(139.692222 35.689722),21.666667,18.125,25.3125,0.0,,3.0,0.0,1.0,0.0,1.0,0.0,0.0,,0.0,,1.0,0.0,1.0,1.0,3.0,1.0,1.0,2.0,0.0,0.0,2.0,1.0,1.0,1.0,0.0,0.0,,16550.0,820.0,40.74,-46.0,-46.0,-1.0,-3.0,20.0,-38.0
2020-05-25,Japan,1,8.0,8.0,5155.0,288.0,-46.0,-46.0,-1.0,-3.0,20.0,-38.0,35.689721999999996,139.692222,POINT(139.692222 35.689722),22.037036999999998,19.240741,25.209877,0.0,,3.0,0.0,0.0,,,,0.0,,0.0,,0.0,,1.0,0.0,3.0,1.0,1.0,2.0,0.0,0.0,2.0,1.0,1.0,1.0,0.0,0.0,,16581.0,830.0,31.48,-48.0,-47.0,-9.0,-21.0,21.0,-39.0
2020-05-26,Japan,1,10.0,4.0,5165.0,292.0,-48.0,-47.0,-9.0,-21.0,21.0,-39.0,35.689721999999996,139.692222,POINT(139.692222 35.689722),21.179012,19.067901000000003,23.728395000000003,0.381,,3.0,0.0,0.0,,1.0,0.0,0.0,,0.0,,0.0,,1.0,0.0,3.0,1.0,1.0,2.0,0.0,0.0,2.0,1.0,1.0,1.0,0.0,0.0,,16623.0,846.0,34.26,-46.0,-43.0,-1.0,3.0,19.0,-38.0
2020-05-27,Japan,1,11.0,4.0,5176.0,296.0,-46.0,-43.0,-1.0,3.0,19.0,-38.0,35.689721999999996,139.692222,POINT(139.692222 35.689722),21.932098999999997,18.555556,25.444444,0.0635,,3.0,0.0,0.0,,1.0,0.0,0.0,,0.0,,0.0,,1.0,0.0,3.0,1.0,1.0,2.0,0.0,0.0,2.0,1.0,1.0,1.0,0.0,0.0,,16651.0,858.0,34.26,-46.0,-44.0,-7.0,-11.0,20.0,-37.0
2020-05-28,Japan,1,15.0,3.0,5191.0,299.0,-46.0,-44.0,-7.0,-11.0,20.0,-37.0,35.689721999999996,139.692222,POINT(139.692222 35.689722),20.022222,15.977778,24.338889,0.338667,,3.0,0.0,0.0,,1.0,0.0,0.0,,0.0,,0.0,,1.0,0.0,3.0,1.0,1.0,2.0,0.0,0.0,2.0,1.0,1.0,1.0,0.0,0.0,,16651.0,858.0,34.26,-44.0,-42.0,1.0,-1.0,20.0,-35.0
2020-05-29,Japan,1,21.0,3.0,5212.0,302.0,-44.0,-42.0,1.0,-1.0,20.0,-35.0,35.689721999999996,139.692222,POINT(139.692222 35.689722),22.072222,17.038889,26.311111,0.9398,,3.0,0.0,0.0,,1.0,0.0,0.0,,0.0,,0.0,,1.0,0.0,3.0,1.0,1.0,2.0,0.0,0.0,2.0,1.0,1.0,1.0,0.0,0.0,,16719.0,874.0,34.26,-43.0,-38.0,1.0,-6.0,12.0,-24.0
2020-05-30,Japan,1,14.0,2.0,5226.0,304.0,-43.0,-38.0,1.0,-6.0,12.0,-24.0,35.689721999999996,139.692222,POINT(139.692222 35.689722),22.518519,18.111110999999998,26.981481,0.0,,3.0,0.0,0.0,,1.0,0.0,0.0,,0.0,,0.0,,1.0,0.0,3.0,1.0,1.0,2.0,0.0,0.0,2.0,1.0,1.0,1.0,0.0,0.0,,16804.0,886.0,34.26,-47.0,-39.0,-1.0,-7.0,10.0,-22.0
2020-05-31,Japan,1,5.0,1.0,5231.0,305.0,-47.0,-39.0,-1.0,-7.0,10.0,-22.0,35.689721999999996,139.692222,POINT(139.692222 35.689722),20.987654,17.753086,24.265432,0.08466699999999999,,3.0,0.0,0.0,,1.0,0.0,0.0,,0.0,,0.0,,1.0,0.0,3.0,1.0,1.0,2.0,0.0,0.0,2.0,1.0,1.0,1.0,0.0,0.0,,16851.0,891.0,34.26,-34.0,-41.0,-11.0,-38.0,15.0,-26.0
2020-06-01,Japan,1,13.0,0.0,5244.0,305.0,-34.0,-41.0,-11.0,-38.0,15.0,-26.0,35.689721999999996,139.692222,POINT(139.692222 35.689722),19.6,18.35,20.85,1.524,,1.0,0.0,0.0,,1.0,0.0,0.0,,0.0,,0.0,,1.0,0.0,3.0,1.0,1.0,2.0,0.0,0.0,2.0,1.0,1.0,1.0,0.0,0.0,,16884.0,892.0,26.85,-36.0,-35.0,1.0,-5.0,15.0,-28.0
2020-06-02,Japan,1,34.0,1.0,5278.0,306.0,-36.0,-35.0,1.0,-5.0,15.0,-28.0,35.689721999999996,139.692222,POINT(139.692222 35.689722),23.172222,19.994444,26.45,0.677333,,1.0,0.0,0.0,,1.0,0.0,0.0,,0.0,,0.0,,1.0,0.0,3.0,1.0,1.0,2.0,0.0,0.0,2.0,1.0,1.0,1.0,0.0,0.0,,16930.0,894.0,26.85,-37.0,-37.0,-1.0,-2.0,15.0,-29.0
2020-06-03,Japan,1,12.0,0.0,5290.0,306.0,-37.0,-37.0,-1.0,-2.0,15.0,-29.0,35.689721999999996,139.692222,POINT(139.692222 35.689722),24.172222,21.038889,28.266666999999998,0.0,,1.0,0.0,0.0,,1.0,0.0,0.0,,0.0,,0.0,,1.0,0.0,3.0,1.0,1.0,2.0,0.0,0.0,2.0,1.0,1.0,1.0,0.0,0.0,,16986.0,900.0,26.85,-37.0,-37.0,-1.0,-7.0,16.0,-29.0
2020-06-04,Japan,1,28.0,1.0,5318.0,307.0,-37.0,-37.0,-1.0,-7.0,16.0,-29.0,35.689721999999996,139.692222,POINT(139.692222 35.689722),24.166667,21.105556,27.488889,0.0,,1.0,0.0,0.0,,1.0,0.0,0.0,,0.0,,0.0,,1.0,0.0,3.0,1.0,1.0,2.0,0.0,0.0,2.0,1.0,1.0,1.0,0.0,0.0,,17018.0,903.0,26.85,-37.0,-37.0,0.0,-10.0,17.0,-28.0
2020-06-05,Japan,1,20.0,2.0,5338.0,309.0,-37.0,-37.0,0.0,-10.0,17.0,-28.0,35.689721999999996,139.692222,POINT(139.692222 35.689722),25.633333,22.266667,29.211111,0.0,,1.0,0.0,0.0,,1.0,0.0,0.0,,0.0,,0.0,,1.0,0.0,3.0,1.0,1.0,2.0,0.0,0.0,2.0,1.0,1.0,1.0,0.0,300000000.0,,17064.0,907.0,26.85,-39.0,-35.0,-5.0,-18.0,11.0,-22.0
2020-06-06,Japan,1,26.0,2.0,5364.0,311.0,-39.0,-35.0,-5.0,-18.0,11.0,-22.0,35.689721999999996,139.692222,POINT(139.692222 35.689722),23.567901000000003,19.401235,28.111110999999998,6.2484,,1.0,0.0,0.0,,1.0,0.0,0.0,,0.0,,0.0,,1.0,0.0,3.0,1.0,1.0,2.0,0.0,0.0,2.0,1.0,1.0,1.0,0.0,0.0,,17103.0,914.0,26.85,-41.0,-30.0,2.0,4.0,8.0,-19.0
2020-06-07,Japan,1,14.0,0.0,5378.0,311.0,-41.0,-30.0,2.0,4.0,8.0,-19.0,35.689721999999996,139.692222,POINT(139.692222 35.689722),22.691357999999997,19.41358,26.518519,1.185333,,1.0,0.0,0.0,,1.0,0.0,0.0,,0.0,,0.0,,1.0,0.0,3.0,1.0,1.0,2.0,0.0,7541400.0,2.0,1.0,1.0,1.0,0.0,0.0,,17141.0,916.0,26.85,-34.0,-34.0,-3.0,-7.0,14.0,-25.0
2020-06-08,Japan,1,13.0,0.0,5391.0,311.0,-34.0,-34.0,-3.0,-7.0,14.0,-25.0,35.689721999999996,139.692222,POINT(139.692222 35.689722),24.166667,20.738889,27.7,0.0,,1.0,0.0,0.0,,1.0,0.0,0.0,,0.0,,0.0,,1.0,0.0,3.0,1.0,1.0,2.0,0.0,0.0,2.0,1.0,1.0,1.0,0.0,0.0,,17174.0,916.0,26.85,-35.0,-33.0,-2.0,-5.0,15.0,-27.0
2020-06-09,Japan,1,12.0,0.0,5403.0,311.0,-35.0,-33.0,-2.0,-5.0,15.0,-27.0,35.689721999999996,139.692222,POINT(139.692222 35.689722),26.233333000000002,22.383333,29.883333,0.0,,1.0,0.0,0.0,,1.0,0.0,0.0,,0.0,,0.0,,1.0,0.0,3.0,1.0,1.0,2.0,0.0,0.0,2.0,1.0,1.0,1.0,0.0,0.0,,17210.0,916.0,26.85,-35.0,-33.0,-1.0,-3.0,14.0,-27.0
2020-06-10,Japan,1,18.0,0.0,5421.0,311.0,-35.0,-33.0,-1.0,-3.0,14.0,-27.0,35.689721999999996,139.692222,POINT(139.692222 35.689722),26.694444,23.6,30.466666999999998,0.0,,1.0,0.0,0.0,,1.0,0.0,0.0,,0.0,,0.0,,1.0,0.0,3.0,1.0,1.0,2.0,0.0,0.0,2.0,1.0,1.0,1.0,0.0,0.0,,17251.0,919.0,26.85,-37.0,-38.0,-13.0,-30.0,16.0,-28.0
2020-06-11,Japan,1,22.0,0.0,5443.0,311.0,-37.0,-38.0,-13.0,-30.0,16.0,-28.0,35.689721999999996,139.692222,POINT(139.692222 35.689722),25.127778,22.95,29.15,2.963333,,1.0,0.0,0.0,,1.0,0.0,0.0,,0.0,,0.0,,1.0,0.0,3.0,1.0,1.0,2.0,0.0,0.0,2.0,1.0,1.0,1.0,0.0,0.0,,17292.0,920.0,26.85,-36.0,-33.0,-3.0,-18.0,16.0,-27.0
2020-06-12,Japan,1,25.0,2.0,5468.0,313.0,-36.0,-33.0,-3.0,-18.0,16.0,-27.0,35.689721999999996,139.692222,POINT(139.692222 35.689722),26.383333,22.733333,30.377778000000003,4.3815,,1.0,0.0,0.0,,1.0,0.0,0.0,,0.0,,0.0,,1.0,0.0,3.0,1.0,1.0,2.0,0.0,0.0,2.0,1.0,1.0,1.0,0.0,0.0,,17332.0,922.0,26.85,-42.0,-40.0,-18.0,-61.0,13.0,-24.0
2020-06-13,Japan,1,24.0,1.0,5492.0,314.0,-42.0,-40.0,-18.0,-61.0,13.0,-24.0,35.689721999999996,139.692222,POINT(139.692222 35.689722),20.537036999999998,19.654321,23.080247,16.764,,1.0,0.0,0.0,,1.0,0.0,0.0,,0.0,,0.0,,1.0,0.0,3.0,1.0,1.0,2.0,0.0,0.0,2.0,1.0,1.0,1.0,0.0,0.0,,17382.0,924.0,26.85,-42.0,-31.0,-4.0,-41.0,9.0,-18.0
2020-06-14,Japan,1,47.0,0.0,5539.0,314.0,-42.0,-31.0,-4.0,-41.0,9.0,-18.0,35.689721999999996,139.692222,POINT(139.692222 35.689722),22.67284,20.746914,26.296296,11.937999999999999,,1.0,0.0,0.0,,1.0,0.0,0.0,,0.0,,0.0,,1.0,0.0,3.0,1.0,1.0,2.0,0.0,0.0,2.0,1.0,1.0,1.0,0.0,0.0,,17429.0,925.0,26.85,-32.0,-29.0,1.0,-11.0,12.0,-23.0
2020-06-15,Japan,1,48.0,0.0,5587.0,314.0,-32.0,-29.0,1.0,-11.0,12.0,-23.0,35.689721999999996,139.692222,POINT(139.692222 35.689722),27.394444,22.95,31.75,0.6096,,1.0,0.0,0.0,,1.0,0.0,0.0,,0.0,,0.0,,1.0,0.0,3.0,1.0,1.0,2.0,0.0,0.0,2.0,1.0,2.0,1.0,0.0,0.0,,17502.0,925.0,26.85,-32.0,-27.0,0.0,-4.0,13.0,-25.0
2020-06-16,Japan,1,27.0,2.0,5614.0,316.0,-32.0,-27.0,0.0,-4.0,13.0,-25.0,35.689721999999996,139.692222,POINT(139.692222 35.689722),25.338889,21.35,29.5,0.03175,,1.0,0.0,0.0,,1.0,0.0,0.0,,0.0,,0.0,,1.0,0.0,3.0,1.0,1.0,2.0,0.0,0.0,2.0,1.0,2.0,1.0,0.0,0.0,,17587.0,927.0,26.85,-32.0,-27.0,0.0,2.0,13.0,-26.0
2020-06-17,Japan,1,16.0,1.0,5630.0,317.0,-32.0,-27.0,0.0,2.0,13.0,-26.0,35.689721999999996,139.692222,POINT(139.692222 35.689722),24.372222,20.905556,28.022221999999996,0.0,,1.0,0.0,0.0,,1.0,0.0,0.0,,0.0,,0.0,,1.0,0.0,3.0,1.0,1.0,2.0,0.0,0.0,2.0,1.0,2.0,1.0,0.0,0.0,,17628.0,931.0,26.85,-33.0,-29.0,-5.0,-13.0,13.0,-26.0
2020-06-18,Japan,1,41.0,0.0,5671.0,317.0,-33.0,-29.0,-5.0,-13.0,13.0,-26.0,35.689721999999996,139.692222,POINT(139.692222 35.689722),21.805556,18.505556,24.822222,6.223,,1.0,0.0,0.0,,1.0,0.0,0.0,,0.0,,0.0,,1.0,0.0,3.0,1.0,1.0,2.0,0.0,0.0,2.0,1.0,2.0,1.0,0.0,0.0,,17668.0,935.0,26.85,-35.0,-36.0,-17.0,-47.0,16.0,-27.0
2020-06-19,Japan,1,35.0,3.0,5706.0,320.0,-35.0,-36.0,-17.0,-47.0,16.0,-27.0,35.689721999999996,139.692222,POINT(139.692222 35.689722),19.0,17.6,23.111110999999998,27.432,,1.0,0.0,0.0,,1.0,0.0,0.0,,0.0,,0.0,,1.0,0.0,3.0,1.0,1.0,2.0,0.0,0.0,2.0,1.0,2.0,1.0,0.0,0.0,,17740.0,935.0,26.85,-29.0,-20.0,5.0,1.0,6.0,-16.0
2020-06-20,Japan,1,39.0,0.0,5745.0,320.0,-29.0,-20.0,5.0,1.0,6.0,-16.0,35.689721999999996,139.692222,POINT(139.692222 35.689722),23.845679,18.746914,27.808642,3.664857,,1.0,0.0,0.0,,1.0,0.0,0.0,,0.0,,0.0,,1.0,0.0,3.0,1.0,1.0,2.0,0.0,0.0,2.0,1.0,2.0,1.0,0.0,0.0,,17799.0,952.0,26.85,-36.0,-23.0,-1.0,-10.0,6.0,-15.0
2020-06-21,Japan,1,34.0,0.0,5779.0,320.0,-36.0,-23.0,-1.0,-10.0,6.0,-15.0,35.689721999999996,139.692222,POINT(139.692222 35.689722),21.537036999999998,18.919753,24.641975,4.9953330000000005,,1.0,0.0,0.0,,1.0,0.0,0.0,,0.0,,0.0,,0.0,,3.0,1.0,1.0,2.0,0.0,0.0,2.0,1.0,2.0,1.0,0.0,0.0,,17799.0,952.0,24.07,-31.0,-36.0,-17.0,-43.0,13.0,-24.0
2020-06-22,Japan,1,29.0,1.0,5808.0,321.0,-31.0,-36.0,-17.0,-43.0,13.0,-24.0,35.689721999999996,139.692222,POINT(139.692222 35.689722),19.194444,17.75,21.344444,11.006667,,1.0,0.0,0.0,,1.0,0.0,0.0,,0.0,,0.0,,0.0,,3.0,1.0,1.0,2.0,0.0,0.0,2.0,1.0,2.0,1.0,0.0,0.0,,17916.0,953.0,24.07,-29.0,-23.0,2.0,-7.0,12.0,-25.0
2020-06-23,Japan,1,31.0,2.0,5839.0,323.0,-29.0,-23.0,2.0,-7.0,12.0,-25.0,35.689721999999996,139.692222,POINT(139.692222 35.689722),23.555556,19.85,26.616667,5.587999999999999,,1.0,0.0,0.0,,1.0,0.0,0.0,,0.0,,0.0,,0.0,,3.0,1.0,1.0,2.0,0.0,0.0,2.0,1.0,2.0,1.0,0.0,0.0,,17968.0,955.0,24.07,-30.0,-26.0,-2.0,-3.0,12.0,-24.0
2020-06-24,Japan,1,55.0,2.0,5894.0,325.0,-30.0,-26.0,-2.0,-3.0,12.0,-24.0,35.689721999999996,139.692222,POINT(139.692222 35.689722),21.705556,18.483333,25.211111,3.3866669999999996,,1.0,0.0,0.0,,1.0,0.0,0.0,,0.0,,0.0,,0.0,,3.0,1.0,1.0,2.0,0.0,0.0,2.0,1.0,2.0,1.0,0.0,0.0,,18027.0,963.0,24.07,-29.0,-27.0,-3.0,-21.0,13.0,-24.0
2020-06-25,Japan,1,48.0,0.0,5942.0,325.0,-29.0,-27.0,-3.0,-21.0,13.0,-24.0,35.689721999999996,139.692222,POINT(139.692222 35.689722),20.972222,18.6,23.111110999999998,6.942667,,1.0,0.0,0.0,,1.0,0.0,0.0,,0.0,,0.0,,0.0,,3.0,1.0,1.0,2.0,0.0,0.0,2.0,1.0,2.0,1.0,0.0,0.0,,18110.0,968.0,24.07,-30.0,-25.0,-1.0,-10.0,13.0,-24.0
2020-06-26,Japan,1,54.0,0.0,5996.0,325.0,-30.0,-25.0,-1.0,-10.0,13.0,-24.0,35.689721999999996,139.692222,POINT(139.692222 35.689722),25.827778,20.761111,29.827778000000002,0.0,,1.0,0.0,0.0,,1.0,0.0,0.0,,0.0,,0.0,,0.0,,3.0,1.0,1.0,2.0,0.0,0.0,2.0,1.0,2.0,1.0,0.0,0.0,,18197.0,969.0,24.07,-27.0,-20.0,2.0,-5.0,7.0,-16.0
2020-06-27,Japan,1,57.0,0.0,6053.0,325.0,-27.0,-20.0,2.0,-5.0,7.0,-16.0,35.689721999999996,139.692222,POINT(139.692222 35.689722),25.37037,21.956789999999998,28.975309000000003,6.688667,,1.0,0.0,0.0,,1.0,0.0,0.0,,0.0,,0.0,,0.0,,3.0,1.0,1.0,2.0,0.0,0.0,2.0,1.0,2.0,1.0,0.0,0.0,,18297.0,971.0,24.07,-37.0,-28.0,-8.0,-37.0,8.0,-16.0
2020-06-28,Japan,1,60.0,0.0,6113.0,325.0,-37.0,-28.0,-8.0,-37.0,8.0,-16.0,35.689721999999996,139.692222,POINT(139.692222 35.689722),22.154321,19.802469,25.030864,34.459333,,1.0,0.0,0.0,,1.0,0.0,0.0,,0.0,,0.0,,0.0,,3.0,1.0,1.0,2.0,0.0,0.0,2.0,1.0,2.0,1.0,0.0,0.0,,18390.0,971.0,24.07,-27.0,-22.0,0.0,-4.0,10.0,-21.0
2020-06-29,Japan,1,58.0,0.0,6171.0,325.0,-27.0,-22.0,0.0,-4.0,10.0,-21.0,35.689721999999996,139.692222,POINT(139.692222 35.689722),25.411111,21.75,28.944444,1.7356669999999998,,1.0,0.0,0.0,,1.0,0.0,0.0,,0.0,,0.0,,0.0,,3.0,1.0,1.0,2.0,0.0,0.0,2.0,1.0,2.0,1.0,0.0,0.0,,18476.0,972.0,24.07,-29.0,-28.0,-9.0,-29.0,13.0,-22.0
2020-06-30,Japan,1,54.0,0.0,6225.0,325.0,-29.0,-28.0,-9.0,-29.0,13.0,-22.0,35.689721999999996,139.692222,POINT(139.692222 35.689722),25.038889,22.994444,26.9,13.546667000000001,,1.0,0.0,0.0,,1.0,0.0,0.0,,0.0,,0.0,,0.0,,3.0,1.0,1.0,2.0,0.0,0.0,2.0,1.0,2.0,1.0,0.0,0.0,,18593.0,972.0,24.07,-29.0,-30.0,-10.0,-30.0,12.0,-22.0
2020-07-01,Japan,1,67.0,0.0,6292.0,325.0,-29.0,-30.0,-10.0,-30.0,12.0,-22.0,35.689721999999996,139.692222,POINT(139.692222 35.689722),24.366667,22.35,26.55,13.292667000000002,,1.0,0.0,0.0,,1.0,0.0,0.0,,0.0,,0.0,,0.0,,3.0,1.0,1.0,2.0,0.0,465133140.0,2.0,1.0,2.0,1.0,0.0,0.0,,18723.0,974.0,24.07,-27.0,-22.0,3.0,-6.0,11.0,-22.0
2020-07-02,Japan,1,107.0,0.0,6399.0,325.0,-27.0,-22.0,3.0,-6.0,11.0,-22.0,35.689721999999996,139.692222,POINT(139.692222 35.689722),27.022221999999996,23.111110999999998,30.511111,5.5626,,1.0,0.0,0.0,,1.0,0.0,0.0,,0.0,,0.0,,0.0,,3.0,1.0,1.0,2.0,0.0,0.0,2.0,1.0,2.0,1.0,0.0,0.0,,18874.0,975.0,24.07,-29.0,-29.0,-5.0,-24.0,13.0,-23.0
2020-07-03,Japan,1,124.0,0.0,6523.0,325.0,-29.0,-29.0,-5.0,-24.0,13.0,-23.0,35.689721999999996,139.692222,POINT(139.692222 35.689722),23.388889000000002,20.472222,27.322221999999996,12.446,,1.0,0.0,0.0,,1.0,0.0,0.0,,0.0,,0.0,,0.0,,3.0,1.0,1.0,2.0,0.0,0.0,2.0,1.0,2.0,1.0,0.0,0.0,,19068.0,976.0,24.07,-32.0,-26.0,-4.0,-34.0,9.0,-16.0
2020-07-04,Japan,1,131.0,0.0,6654.0,325.0,-32.0,-26.0,-4.0,-34.0,9.0,-16.0,35.689721999999996,139.692222,POINT(139.692222 35.689722),24.265432,20.820988,26.623457000000002,26.67,,1.0,0.0,0.0,,1.0,0.0,0.0,,0.0,,0.0,,0.0,,3.0,1.0,1.0,2.0,0.0,0.0,2.0,1.0,2.0,1.0,0.0,0.0,,19282.0,977.0,24.07,-36.0,-23.0,5.0,-13.0,7.0,-14.0
2020-07-05,Japan,1,111.0,0.0,6765.0,325.0,-36.0,-23.0,5.0,-13.0,7.0,-14.0,35.689721999999996,139.692222,POINT(139.692222 35.689722),24.259259,22.407407,26.82716,2.286,,1.0,0.0,0.0,,1.0,0.0,0.0,,0.0,,0.0,,0.0,,3.0,1.0,1.0,2.0,0.0,0.0,2.0,1.0,2.0,1.0,0.0,0.0,,19522.0,977.0,24.07,-28.0,-33.0,-12.0,-38.0,12.0,-22.0
2020-07-06,Japan,1,102.0,0.0,6867.0,325.0,-28.0,-33.0,-12.0,-38.0,12.0,-22.0,35.689721999999996,139.692222,POINT(139.692222 35.689722),25.144444,22.744444,26.95,25.146,,1.0,0.0,0.0,,1.0,0.0,0.0,,0.0,,0.0,,0.0,,3.0,1.0,1.0,2.0,0.0,0.0,2.0,1.0,2.0,1.0,0.0,0.0,,19775.0,977.0,24.07,-28.0,-25.0,-1.0,-18.0,12.0,-23.0
2020-07-07,Japan,1,106.0,0.0,6973.0,325.0,-28.0,-25.0,-1.0,-18.0,12.0,-23.0,35.689721999999996,139.692222,POINT(139.692222 35.689722),26.761111,25.122222,28.305556,9.313333,,1.0,0.0,0.0,,1.0,0.0,0.0,,0.0,,0.0,,0.0,,3.0,1.0,1.0,2.0,0.0,0.0,2.0,1.0,2.0,1.0,0.0,0.0,,19981.0,978.0,24.07,-30.0,-27.0,-3.0,-15.0,12.0,-23.0
2020-07-08,Japan,1,75.0,0.0,7048.0,325.0,-30.0,-27.0,-3.0,-15.0,12.0,-23.0,35.689721999999996,139.692222,POINT(139.692222 35.689722),24.994444,23.65,27.388889000000002,6.773333,,1.0,0.0,0.0,,1.0,0.0,0.0,,0.0,,0.0,,0.0,,3.0,1.0,1.0,2.0,0.0,7484026.0,2.0,1.0,2.0,1.0,0.0,0.0,,20174.0,980.0,24.07,-29.0,-30.0,-11.0,-37.0,13.0,-23.0
2020-07-09,Japan,1,224.0,0.0,7272.0,325.0,-29.0,-30.0,-11.0,-37.0,13.0,-23.0,35.689721999999996,139.692222,POINT(139.692222 35.689722),23.933332999999998,22.516667,26.361110999999998,8.720667,,1.0,0.0,0.0,,1.0,0.0,0.0,,0.0,,0.0,,0.0,,3.0,1.0,1.0,2.0,0.0,0.0,2.0,1.0,2.0,1.0,0.0,0.0,,20371.0,981.0,24.07,-29.0,-27.0,0.0,-23.0,13.0,-23.0
2020-07-10,Japan,1,243.0,0.0,7515.0,325.0,-29.0,-27.0,0.0,-23.0,13.0,-23.0,35.689721999999996,139.692222,POINT(139.692222 35.689722),25.772222,23.388889000000002,27.711111,3.556,,1.0,0.0,0.0,,1.0,0.0,0.0,,0.0,,0.0,,0.0,,3.0,1.0,1.0,2.0,0.0,0.0,2.0,1.0,2.0,1.0,0.0,106000000.0,,20719.0,982.0,24.07,-32.0,-25.0,0.0,-21.0,8.0,-15.0
2020-07-11,Japan,1,206.0,0.0,7721.0,325.0,-32.0,-25.0,0.0,-21.0,8.0,-15.0,35.689721999999996,139.692222,POINT(139.692222 35.689722),26.555556,24.475309,29.222222,2.201333,,1.0,0.0,0.0,,1.0,0.0,0.0,,0.0,,0.0,,0.0,,3.0,1.0,1.0,2.0,0.0,0.0,2.0,1.0,2.0,1.0,0.0,0.0,,21129.0,982.0,24.07,-36.0,-22.0,2.0,-4.0,6.0,-14.0
2020-07-12,Japan,1,206.0,0.0,7927.0,325.0,-36.0,-22.0,2.0,-4.0,6.0,-14.0,35.689721999999996,139.692222,POINT(139.692222 35.689722),25.018519,19.333333,31.345678999999997,0.635,,1.0,0.0,0.0,,1.0,0.0,0.0,,0.0,,0.0,,0.0,,3.0,1.0,1.0,2.0,0.0,0.0,2.0,1.0,2.0,1.0,0.0,0.0,,21502.0,982.0,24.07,-28.0,-28.0,-5.0,-25.0,11.0,-21.0
2020-07-13,Japan,1,119.0,0.0,8046.0,325.0,-28.0,-28.0,-5.0,-25.0,11.0,-21.0,35.689721999999996,139.692222,POINT(139.692222 35.689722),21.788889,19.883333,23.805556,7.958667,,1.0,0.0,0.0,,1.0,0.0,0.0,,0.0,,0.0,,0.0,,3.0,1.0,1.0,2.0,0.0,0.0,2.0,1.0,2.0,1.0,0.0,0.0,,21868.0,982.0,24.07,-30.0,-28.0,-5.0,-28.0,13.0,-24.0
2020-07-14,Japan,1,143.0,0.0,8189.0,325.0,-30.0,-28.0,-5.0,-28.0,13.0,-24.0,35.689721999999996,139.692222,POINT(139.692222 35.689722),22.188889,20.572222,23.872222,7.112,,1.0,0.0,0.0,,1.0,0.0,0.0,,0.0,,0.0,,0.0,,3.0,1.0,1.0,2.0,0.0,0.0,2.0,1.0,2.0,1.0,0.0,0.0,,22220.0,982.0,24.07,-29.0,-29.0,-7.0,-31.0,12.0,-23.0
2020-07-15,Japan,1,165.0,1.0,8354.0,326.0,-29.0,-29.0,-7.0,-31.0,12.0,-23.0,35.689721999999996,139.692222,POINT(139.692222 35.689722),19.95,17.888889000000002,22.351851999999997,4.402667,,1.0,0.0,0.0,,1.0,0.0,0.0,,0.0,,0.0,,0.0,,3.0,1.0,1.0,2.0,0.0,0.0,2.0,1.0,2.0,1.0,0.0,0.0,,22508.0,984.0,24.07,-29.0,-24.0,2.0,-10.0,12.0,-23.0
2020-07-16,Japan,1,286.0,0.0,8640.0,326.0,-29.0,-24.0,2.0,-10.0,12.0,-23.0,35.689721999999996,139.692222,POINT(139.692222 35.689722),21.333333,18.188889,24.338889,4.064,,1.0,0.0,0.0,,1.0,0.0,0.0,,0.0,,0.0,,0.0,,3.0,1.0,1.0,2.0,0.0,0.0,2.0,1.0,2.0,1.0,0.0,0.0,,22890.0,985.0,24.07,-32.0,-33.0,-10.0,-40.0,15.0,-24.0
2020-07-17,Japan,1,293.0,0.0,8933.0,326.0,-32.0,-33.0,-10.0,-40.0,15.0,-24.0,35.689721999999996,139.692222,POINT(139.692222 35.689722),19.705556,18.533333,20.8,23.706667000000003,,1.0,0.0,0.0,,1.0,0.0,0.0,,0.0,,0.0,,0.0,,3.0,1.0,1.0,2.0,0.0,0.0,2.0,1.0,2.0,1.0,0.0,0.0,,23473.0,985.0,24.07,-35.0,-29.0,-3.0,-41.0,10.0,-15.0
2020-07-18,Japan,1,290.0,0.0,9223.0,326.0,-35.0,-29.0,-3.0,-41.0,10.0,-15.0,35.689721999999996,139.692222,POINT(139.692222 35.689722),21.216048999999998,19.493827,23.537036999999998,30.310667,,1.0,0.0,0.0,,1.0,0.0,0.0,,0.0,,0.0,,0.0,,3.0,1.0,1.0,2.0,0.0,0.0,2.0,1.0,2.0,1.0,0.0,0.0,,24132.0,985.0,24.07,-38.0,-24.0,1.0,3.0,7.0,-14.0
2020-07-19,Japan,1,188.0,0.0,9411.0,326.0,-38.0,-24.0,1.0,3.0,7.0,-14.0,35.689721999999996,139.692222,POINT(139.692222 35.689722),25.487654,22.314815,28.833333000000003,0.508,,1.0,0.0,0.0,,1.0,0.0,0.0,,0.0,,0.0,,0.0,,3.0,1.0,1.0,2.0,0.0,0.0,2.0,1.0,2.0,1.0,0.0,0.0,,24642.0,985.0,24.07,-28.0,-26.0,-1.0,-14.0,11.0,-20.0
2020-07-20,Japan,1,168.0,1.0,9579.0,327.0,-28.0,-26.0,-1.0,-14.0,11.0,-20.0,35.689721999999996,139.692222,POINT(139.692222 35.689722),26.883333,23.283333,31.244444,1.6256,,1.0,0.0,0.0,,1.0,0.0,0.0,,0.0,,0.0,,0.0,,3.0,1.0,1.0,2.0,0.0,0.0,2.0,1.0,2.0,1.0,0.0,0.0,,25096.0,985.0,24.07,-29.0,-23.0,0.0,-10.0,11.0,-22.0
2020-07-21,Japan,1,237.0,0.0,9816.0,327.0,-29.0,-23.0,0.0,-10.0,11.0,-22.0,35.689721999999996,139.692222,POINT(139.692222 35.689722),25.916667,23.327778,28.661111,0.508,,1.0,0.0,0.0,,1.0,0.0,0.0,,0.0,,0.0,,0.0,,3.0,1.0,1.0,2.0,0.0,0.0,2.0,1.0,2.0,1.0,0.0,0.0,,25736.0,988.0,24.07,-27.0,-22.0,-1.0,-16.0,10.0,-21.0
2020-07-22,Japan,1,238.0,0.0,10054.0,327.0,-27.0,-22.0,-1.0,-16.0,10.0,-21.0,35.689721999999996,139.692222,POINT(139.692222 35.689722),26.344444,23.405556,29.9,22.182667000000002,,1.0,0.0,0.0,,1.0,0.0,0.0,,0.0,,0.0,,0.0,,3.0,1.0,1.0,2.0,0.0,0.0,2.0,1.0,2.0,1.0,0.0,0.0,,26303.0,989.0,24.07,-58.0,-34.0,-17.0,-50.0,27.0,-70.0
2020-07-23,Japan,1,366.0,0.0,10420.0,327.0,-58.0,-34.0,-17.0,-50.0,27.0,-70.0,35.689721999999996,139.692222,POINT(139.692222 35.689722),22.87037,21.802469,24.907407,6.604,,1.0,0.0,0.0,,1.0,0.0,0.0,,0.0,,1.0,0.0,1.0,0.0,3.0,1.0,1.0,2.0,0.0,0.0,2.0,1.0,2.0,1.0,0.0,0.0,,27029.0,990.0,28.7,-58.0,-30.0,-4.0,-3.0,27.0,-70.0
2020-07-24,Japan,1,260.0,0.0,10680.0,327.0,-58.0,-30.0,-4.0,-3.0,27.0,-70.0,35.689721999999996,139.692222,POINT(139.692222 35.689722),25.240741,23.123457000000002,27.166666999999997,11.1125,,1.0,0.0,0.0,,1.0,0.0,0.0,,0.0,,1.0,0.0,1.0,0.0,3.0,1.0,1.0,2.0,0.0,0.0,2.0,1.0,2.0,1.0,0.0,0.0,,27956.0,992.0,28.7,-40.0,-34.0,-12.0,-45.0,10.0,-22.0
2020-07-25,Japan,1,295.0,1.0,10975.0,328.0,-40.0,-34.0,-12.0,-45.0,10.0,-22.0,35.689721999999996,139.692222,POINT(139.692222 35.689722),24.820988,23.345679,27.166666999999997,26.754666999999998,,1.0,0.0,0.0,,1.0,0.0,0.0,,0.0,,1.0,0.0,1.0,0.0,3.0,1.0,1.0,2.0,0.0,0.0,2.0,1.0,2.0,1.0,0.0,0.0,,28786.0,993.0,28.7,-38.0,-30.0,-6.0,-31.0,7.0,-16.0
2020-07-26,Japan,1,239.0,0.0,11214.0,328.0,-38.0,-30.0,-6.0,-31.0,7.0,-16.0,35.689721999999996,139.692222,POINT(139.692222 35.689722),25.685185,23.641975,29.055556,22.86,,1.0,0.0,1.0,1.0,1.0,0.0,0.0,,0.0,,1.0,0.0,1.0,0.0,3.0,1.0,1.0,2.0,0.0,0.0,2.0,1.0,2.0,1.0,0.0,0.0,,29382.0,996.0,32.41,-28.0,-28.0,-4.0,-21.0,11.0,-22.0
2020-07-27,Japan,1,131.0,0.0,11345.0,328.0,-28.0,-28.0,-4.0,-21.0,11.0,-22.0,35.689721999999996,139.692222,POINT(139.692222 35.689722),26.827778000000002,24.894444,29.688889,2.54,,1.0,0.0,1.0,1.0,1.0,0.0,0.0,,0.0,,1.0,0.0,1.0,0.0,3.0,1.0,1.0,2.0,0.0,0.0,2.0,1.0,2.0,1.0,0.0,0.0,,29989.0,996.0,32.41,-31.0,-27.0,-5.0,-24.0,12.0,-23.0
2020-07-28,Japan,1,266.0,0.0,11611.0,328.0,-31.0,-27.0,-5.0,-24.0,12.0,-23.0,35.689721999999996,139.692222,POINT(139.692222 35.689722),26.377778000000003,22.45,29.627778000000003,3.1326669999999996,,1.0,0.0,1.0,1.0,1.0,0.0,0.0,,0.0,,1.0,0.0,1.0,0.0,3.0,1.0,1.0,2.0,0.0,0.0,2.0,1.0,2.0,1.0,0.0,0.0,,29989.0,996.0,32.41,-32.0,-27.0,-2.0,-15.0,12.0,-24.0
2020-07-29,Japan,1,250.0,1.0,11861.0,329.0,-32.0,-27.0,-2.0,-15.0,12.0,-24.0,35.689721999999996,139.692222,POINT(139.692222 35.689722),22.266667,20.627778,24.261111,1.778,,1.0,0.0,1.0,1.0,1.0,0.0,0.0,,0.0,,1.0,0.0,1.0,0.0,3.0,1.0,1.0,2.0,0.0,0.0,2.0,1.0,2.0,1.0,0.0,0.0,,31333.0,1000.0,32.41,-31.0,-25.0,-1.0,-11.0,12.0,-24.0
2020-07-30,Japan,1,367.0,1.0,12228.0,330.0,-31.0,-25.0,-1.0,-11.0,12.0,-24.0,35.689721999999996,139.692222,POINT(139.692222 35.689722),23.622222,20.894444,25.8,0.635,,1.0,0.0,1.0,1.0,1.0,0.0,0.0,,0.0,,1.0,0.0,1.0,0.0,3.0,1.0,1.0,2.0,0.0,0.0,2.0,1.0,2.0,1.0,0.0,0.0,,32459.0,1003.0,32.41,-32.0,-28.0,-1.0,-18.0,13.0,-23.0
2020-07-31,Japan,1,463.0,2.0,12691.0,332.0,-32.0,-28.0,-1.0,-18.0,13.0,-23.0,35.689721999999996,139.692222,POINT(139.692222 35.689722),25.377778,22.45,28.45,0.4572,,1.0,0.0,1.0,1.0,1.0,0.0,0.0,,0.0,,1.0,0.0,1.0,0.0,3.0,1.0,1.0,2.0,0.0,0.0,2.0,1.0,2.0,1.0,0.0,0.0,,33774.0,1005.0,32.41,-34.0,-26.0,1.0,-9.0,8.0,-13.0
2020-08-01,Japan,1,472.0,0.0,13163.0,332.0,-34.0,-26.0,1.0,-9.0,8.0,-13.0,35.689721999999996,139.692222,POINT(139.692222 35.689722),26.364198,23.049383,30.246914,0.127,,1.0,0.0,1.0,1.0,1.0,0.0,0.0,,0.0,,1.0,0.0,1.0,0.0,3.0,1.0,1.0,2.0,0.0,0.0,2.0,1.0,2.0,1.0,0.0,0.0,,34372.0,1006.0,32.41,-39.0,-25.0,0.0,2.0,7.0,-13.0
2020-08-02,Japan,1,292.0,0.0,13455.0,332.0,-39.0,-25.0,0.0,2.0,7.0,-13.0,35.689721999999996,139.692222,POINT(139.692222 35.689722),26.561728000000002,23.074074,30.580246999999996,0.0,,1.0,0.0,1.0,1.0,1.0,0.0,0.0,,0.0,,1.0,0.0,1.0,0.0,3.0,1.0,1.0,2.0,0.0,0.0,2.0,1.0,2.0,1.0,0.0,0.0,,36081.0,1010.0,32.41,-30.0,-26.0,-2.0,-10.0,11.0,-22.0
2020-08-03,Japan,1,258.0,1.0,13713.0,333.0,-30.0,-26.0,-2.0,-10.0,11.0,-22.0,35.689721999999996,139.692222,POINT(139.692222 35.689722),28.055556,24.6,32.072222,0.0,,1.0,0.0,1.0,1.0,1.0,0.0,0.0,,0.0,,1.0,0.0,1.0,0.0,3.0,1.0,1.0,2.0,0.0,0.0,2.0,1.0,2.0,1.0,0.0,0.0,,38072.0,1011.0,32.41,-32.0,-25.0,0.0,-8.0,12.0,-25.0
2020-08-04,Japan,1,309.0,0.0,14022.0,333.0,-32.0,-25.0,0.0,-8.0,12.0,-25.0,35.689721999999996,139.692222,POINT(139.692222 35.689722),28.95,25.45,32.438889,0.0,,1.0,0.0,1.0,1.0,1.0,0.0,0.0,,0.0,,1.0,0.0,1.0,0.0,3.0,1.0,1.0,2.0,0.0,0.0,2.0,1.0,2.0,1.0,0.0,0.0,,39858.0,1016.0,32.41,-33.0,-26.0,-1.0,-8.0,12.0,-26.0
2020-08-05,Japan,1,263.0,0.0,14285.0,333.0,-33.0,-26.0,-1.0,-8.0,12.0,-26.0,35.689721999999996,139.692222,POINT(139.692222 35.689722),29.205556,25.833333,33.1,0.0,,1.0,0.0,1.0,1.0,1.0,0.0,0.0,,0.0,,1.0,0.0,1.0,0.0,3.0,1.0,1.0,2.0,0.0,0.0,2.0,1.0,2.0,1.0,0.0,0.0,,41129.0,1022.0,32.41,-33.0,-26.0,-2.0,-11.0,12.0,-26.0
2020-08-06,Japan,1,360.0,0.0,14645.0,333.0,-33.0,-26.0,-2.0,-11.0,12.0,-26.0,35.689721999999996,139.692222,POINT(139.692222 35.689722),29.183333,26.422221999999998,32.161111,0.0,,1.0,0.0,1.0,0.0,1.0,0.0,0.0,,0.0,,1.0,0.0,1.0,0.0,3.0,1.0,1.0,2.0,0.0,0.0,2.0,1.0,2.0,1.0,0.0,0.0,,42263.0,1026.0,30.56,-34.0,-28.0,-1.0,-15.0,13.0,-27.0
2020-08-07,Japan,1,462.0,0.0,15107.0,333.0,-34.0,-28.0,-1.0,-15.0,13.0,-27.0,35.689721999999996,139.692222,POINT(139.692222 35.689722),29.872221999999997,25.744444,33.6,0.0,,1.0,0.0,1.0,0.0,1.0,0.0,0.0,,0.0,,1.0,0.0,1.0,0.0,3.0,1.0,1.0,2.0,10400000000.0,0.0,2.0,1.0,2.0,1.0,0.0,0.0,,43815.0,1033.0,30.56,-34.0,-26.0,-2.0,-14.0,8.0,-17.0
2020-08-08,Japan,1,429.0,0.0,15536.0,333.0,-34.0,-26.0,-2.0,-14.0,8.0,-17.0,35.689721999999996,139.692222,POINT(139.692222 35.689722),27.771604999999997,24.580247,31.777778,0.0,,1.0,0.0,1.0,0.0,1.0,0.0,0.0,,0.0,,1.0,0.0,1.0,0.0,3.0,1.0,1.0,2.0,0.0,0.0,2.0,1.0,2.0,1.0,0.0,0.0,,45439.0,1039.0,30.56,-37.0,-24.0,-3.0,-8.0,5.0,-16.0
2020-08-09,Japan,1,331.0,0.0,15867.0,333.0,-37.0,-24.0,-3.0,-8.0,5.0,-16.0,35.689721999999996,139.692222,POINT(139.692222 35.689722),30.074074,25.740741,33.753085999999996,0.0,,1.0,0.0,1.0,0.0,1.0,0.0,0.0,,0.0,,1.0,0.0,1.0,0.0,3.0,1.0,1.0,2.0,0.0,0.0,2.0,1.0,2.0,1.0,0.0,0.0,,46783.0,1040.0,30.56,-59.0,-24.0,-7.0,1.0,25.0,-73.0
2020-08-10,Japan,1,197.0,1.0,16064.0,334.0,-59.0,-24.0,-7.0,1.0,25.0,-73.0,35.689721999999996,139.692222,POINT(139.692222 35.689722),30.969136,27.845678999999997,34.345679,0.0,,1.0,0.0,1.0,0.0,1.0,0.0,0.0,,0.0,,1.0,0.0,1.0,0.0,3.0,1.0,1.0,2.0,0.0,0.0,2.0,1.0,2.0,1.0,0.0,0.0,,47990.0,1047.0,30.56,-41.0,-25.0,-3.0,-15.0,16.0,-41.0
2020-08-11,Japan,1,188.0,2.0,16252.0,336.0,-41.0,-25.0,-3.0,-15.0,16.0,-41.0,35.689721999999996,139.692222,POINT(139.692222 35.689722),32.294444,28.633333,35.855556,0.0,,1.0,0.0,1.0,0.0,1.0,0.0,0.0,,0.0,,1.0,0.0,1.0,0.0,3.0,1.0,1.0,2.0,0.0,0.0,2.0,1.0,2.0,1.0,0.0,0.0,,48238.0,1051.0,30.56,-44.0,-29.0,-9.0,-21.0,17.0,-44.0
2020-08-12,Japan,1,222.0,0.0,16474.0,336.0,-44.0,-29.0,-9.0,-21.0,17.0,-44.0,35.689721999999996,139.692222,POINT(139.692222 35.689722),30.216666999999998,27.222222,34.772222,0.0,,1.0,0.0,1.0,0.0,1.0,0.0,0.0,,0.0,,1.0,0.0,1.0,0.0,3.0,1.0,1.0,2.0,0.0,0.0,2.0,1.0,2.0,1.0,0.0,0.0,,49512.0,1058.0,30.56,-47.0,-26.0,-7.0,-21.0,19.0,-52.0
2020-08-13,Japan,1,206.0,2.0,16680.0,338.0,-47.0,-26.0,-7.0,-21.0,19.0,-52.0,35.689721999999996,139.692222,POINT(139.692222 35.689722),28.694444,24.694444,32.888889,0.381,,1.0,0.0,1.0,0.0,1.0,0.0,0.0,,0.0,,1.0,0.0,1.0,0.0,3.0,1.0,1.0,2.0,0.0,0.0,2.0,1.0,2.0,1.0,0.0,0.0,,50444.0,1062.0,30.56,-49.0,-28.0,-5.0,-16.0,21.0,-53.0
2020-08-14,Japan,1,389.0,0.0,17069.0,338.0,-49.0,-28.0,-5.0,-16.0,21.0,-53.0,35.689721999999996,139.692222,POINT(139.692222 35.689722),30.544444,27.45,34.1,2.1590000000000003,,1.0,0.0,1.0,0.0,1.0,0.0,0.0,,0.0,,1.0,0.0,1.0,0.0,3.0,1.0,1.0,2.0,0.0,0.0,2.0,1.0,2.0,1.0,0.0,0.0,,51513.0,1072.0,30.56,-42.0,-30.0,-7.0,-24.0,10.0,-36.0
2020-08-15,Japan,1,385.0,0.0,17454.0,338.0,-42.0,-30.0,-7.0,-24.0,10.0,-36.0,35.689721999999996,139.692222,POINT(139.692222 35.689722),32.067901,28.08642,36.166667,0.0,,1.0,0.0,1.0,0.0,1.0,0.0,0.0,,0.0,,1.0,0.0,1.0,0.0,3.0,1.0,1.0,2.0,0.0,0.0,2.0,1.0,2.0,1.0,0.0,0.0,,53577.0,1085.0,30.56,-42.0,-31.0,-7.0,-24.0,7.0,-20.0
2020-08-16,Japan,1,260.0,2.0,17714.0,340.0,-42.0,-31.0,-7.0,-24.0,7.0,-20.0,35.689721999999996,139.692222,POINT(139.692222 35.689722),30.864198,27.907407,34.753085999999996,0.508,,1.0,0.0,1.0,0.0,1.0,0.0,0.0,,0.0,,1.0,0.0,1.0,0.0,3.0,1.0,1.0,2.0,0.0,0.0,2.0,1.0,2.0,1.0,0.0,0.0,,54714.0,1088.0,30.56,-35.0,-28.0,-5.0,-20.0,13.0,-29.0
2020-08-17,Japan,1,161.0,1.0,17875.0,341.0,-35.0,-28.0,-5.0,-20.0,13.0,-29.0,35.689721999999996,139.692222,POINT(139.692222 35.689722),31.211111,28.061111,35.761111,0.036286,,1.0,0.0,1.0,0.0,1.0,0.0,0.0,,0.0,,1.0,0.0,1.0,0.0,3.0,1.0,1.0,2.0,0.0,0.0,2.0,1.0,2.0,1.0,0.0,0.0,,54952.0,1098.0,30.56,-35.0,-25.0,-2.0,-12.0,13.0,-28.0
2020-08-18,Japan,1,207.0,3.0,18082.0,344.0,-35.0,-25.0,-2.0,-12.0,13.0,-28.0,35.689721999999996,139.692222,POINT(139.692222 35.689722),30.122221999999997,26.505556,34.027778000000005,0.0,,1.0,0.0,1.0,0.0,1.0,0.0,0.0,,0.0,,1.0,0.0,1.0,0.0,3.0,1.0,1.0,2.0,0.0,0.0,2.0,1.0,2.0,1.0,0.0,0.0,,55958.0,1114.0,30.56,-35.0,-26.0,-3.0,-8.0,12.0,-29.0
2020-08-19,Japan,1,186.0,3.0,18268.0,347.0,-35.0,-26.0,-3.0,-8.0,12.0,-29.0,35.689721999999996,139.692222,POINT(139.692222 35.689722),29.811111,26.572221999999996,33.872222,0.0,,1.0,0.0,1.0,0.0,1.0,0.0,0.0,,0.0,,1.0,0.0,1.0,0.0,3.0,1.0,1.0,2.0,0.0,0.0,2.0,1.0,2.0,1.0,0.0,0.0,,57550.0,1128.0,30.56,-34.0,-25.0,-3.0,-14.0,13.0,-28.0
2020-08-20,Japan,1,339.0,1.0,18607.0,348.0,-34.0,-25.0,-3.0,-14.0,13.0,-28.0,35.689721999999996,139.692222,POINT(139.692222 35.689722),30.4,26.988889,34.355556,0.0,,1.0,0.0,1.0,0.0,1.0,0.0,0.0,,0.0,,1.0,0.0,1.0,0.0,3.0,1.0,1.0,2.0,0.0,0.0,2.0,1.0,2.0,1.0,0.0,0.0,,58501.0,1144.0,30.56,-35.0,-27.0,-3.0,-15.0,14.0,-28.0
2020-08-21,Japan,1,258.0,2.0,18865.0,350.0,-35.0,-27.0,-3.0,-15.0,14.0,-28.0,35.689721999999996,139.692222,POINT(139.692222 35.689722),30.755556,26.788889,35.372222,0.0,,1.0,0.0,1.0,0.0,1.0,0.0,0.0,,0.0,,1.0,0.0,1.0,0.0,3.0,1.0,1.0,2.0,0.0,0.0,2.0,1.0,2.0,1.0,0.0,0.0,,59721.0,1155.0,30.56,-34.0,-25.0,-3.0,-17.0,8.0,-17.0
2020-08-22,Japan,1,256.0,0.0,19121.0,350.0,-34.0,-25.0,-3.0,-17.0,8.0,-17.0,35.689721999999996,139.692222,POINT(139.692222 35.689722),29.298610999999998,24.4375,34.805556,0.0,,1.0,0.0,1.0,0.0,1.0,0.0,0.0,,0.0,,1.0,0.0,1.0,0.0,3.0,1.0,1.0,2.0,0.0,0.0,2.0,1.0,2.0,1.0,0.0,0.0,,60733.0,1169.0,30.56,-40.0,-28.0,-7.0,-20.0,7.0,-15.0
2020-08-23,Japan,1,212.0,0.0,19333.0,350.0,-40.0,-28.0,-7.0,-20.0,7.0,-15.0,35.689721999999996,139.692222,POINT(139.692222 35.689722),26.111110999999998,23.777778,29.185184999999997,11.7475,,1.0,0.0,1.0,0.0,1.0,0.0,0.0,,0.0,,1.0,0.0,1.0,0.0,3.0,1.0,1.0,2.0,0.0,0.0,2.0,1.0,2.0,1.0,0.0,0.0,,61747.0,1176.0,30.56,-31.0,-24.0,-3.0,-11.0,12.0,-24.0
2020-08-24,Japan,1,95.0,2.0,19428.0,352.0,-31.0,-24.0,-3.0,-11.0,12.0,-24.0,35.689721999999996,139.692222,POINT(139.692222 35.689722),28.511111,24.527778,32.277778000000005,3.81,,1.0,0.0,1.0,0.0,1.0,0.0,0.0,,0.0,,1.0,0.0,1.0,0.0,3.0,1.0,1.0,2.0,0.0,0.0,2.0,1.0,2.0,1.0,0.0,0.0,,61754.0,1180.0,30.56,-30.0,-21.0,1.0,-6.0,12.0,-25.0
2020-08-25,Japan,1,182.0,2.0,19610.0,354.0,-30.0,-21.0,1.0,-6.0,12.0,-25.0,35.689721999999996,139.692222,POINT(139.692222 35.689722),28.555556,25.283333,32.355556,0.0,,1.0,0.0,1.0,0.0,1.0,0.0,0.0,,0.0,,1.0,0.0,1.0,0.0,3.0,1.0,1.0,2.0,0.0,0.0,2.0,1.0,2.0,1.0,0.0,0.0,,63121.0,1196.0,30.56,-31.0,-23.0,-1.0,-6.0,12.0,-25.0
2020-08-26,Japan,1,236.0,2.0,19846.0,356.0,-31.0,-23.0,-1.0,-6.0,12.0,-25.0,35.689721999999996,139.692222,POINT(139.692222 35.689722),30.161111,26.161111,33.483333,0.036286,,1.0,0.0,1.0,0.0,1.0,0.0,0.0,,0.0,,1.0,0.0,1.0,0.0,3.0,1.0,1.0,2.0,0.0,0.0,2.0,1.0,2.0,1.0,0.0,0.0,,63822.0,1209.0,30.56,-32.0,-25.0,-3.0,-14.0,12.0,-25.0
2020-08-27,Japan,1,250.0,0.0,20096.0,356.0,-32.0,-25.0,-3.0,-14.0,12.0,-25.0,35.689721999999996,139.692222,POINT(139.692222 35.689722),29.888889000000002,26.855556,33.261111,0.381,,1.0,0.0,1.0,0.0,1.0,0.0,0.0,,0.0,,1.0,0.0,1.0,0.0,3.0,1.0,1.0,2.0,0.0,0.0,2.0,1.0,2.0,1.0,0.0,0.0,,64668.0,1226.0,30.56,-32.0,-25.0,-1.0,-13.0,13.0,-25.0
2020-08-28,Japan,1,226.0,2.0,20322.0,358.0,-32.0,-25.0,-1.0,-13.0,13.0,-25.0,35.689721999999996,139.692222,POINT(139.692222 35.689722),30.561111,27.483333000000002,34.283333,0.1016,,1.0,0.0,1.0,0.0,1.0,0.0,0.0,,0.0,,1.0,0.0,1.0,0.0,3.0,1.0,1.0,2.0,0.0,0.0,2.0,1.0,2.0,1.0,0.0,0.0,,65573.0,1238.0,30.56,-32.0,-22.0,-1.0,-11.0,7.0,-15.0
2020-08-29,Japan,1,247.0,0.0,20569.0,358.0,-32.0,-22.0,-1.0,-11.0,7.0,-15.0,35.689721999999996,139.692222,POINT(139.692222 35.689722),30.58642,27.154321000000003,34.567901,0.0,,1.0,0.0,1.0,0.0,1.0,0.0,0.0,,0.0,,1.0,0.0,1.0,0.0,3.0,1.0,1.0,2.0,0.0,0.0,2.0,1.0,2.0,1.0,0.0,0.0,,66423.0,1255.0,30.56,-37.0,-22.0,-1.0,-8.0,6.0,-14.0
2020-08-30,Japan,1,148.0,2.0,20717.0,360.0,-37.0,-22.0,-1.0,-8.0,6.0,-14.0,35.689721999999996,139.692222,POINT(139.692222 35.689722),30.382716,26.561728000000002,35.086420000000004,0.0,,1.0,0.0,1.0,0.0,1.0,0.0,0.0,,0.0,,1.0,0.0,1.0,0.0,3.0,1.0,1.0,2.0,0.0,0.0,2.0,1.0,2.0,1.0,0.0,0.0,,67264.0,1264.0,30.56,-29.0,-23.0,-2.0,-10.0,11.0,-22.0
2020-08-31,Japan,1,100.0,3.0,20817.0,363.0,-29.0,-23.0,-2.0,-10.0,11.0,-22.0,35.689721999999996,139.692222,POINT(139.692222 35.689722),26.844444,22.888889000000002,31.922221999999998,10.776857000000001,,1.0,0.0,1.0,0.0,1.0,0.0,0.0,,0.0,,1.0,0.0,1.0,0.0,3.0,1.0,1.0,2.0,0.0,0.0,2.0,1.0,2.0,1.0,0.0,0.0,,67865.0,1279.0,30.56,-29.0,-21.0,0.0,-2.0,11.0,-23.0
2020-09-01,Japan,1,170.0,1.0,20987.0,364.0,-29.0,-21.0,0.0,-2.0,11.0,-23.0,35.689721999999996,139.692222,POINT(139.692222 35.689722),25.816667000000002,23.366667,27.316667,0.635,,1.0,0.0,1.0,0.0,1.0,0.0,0.0,,0.0,,1.0,0.0,1.0,0.0,3.0,1.0,1.0,2.0,0.0,0.0,2.0,1.0,2.0,1.0,0.0,0.0,,68392.0,1296.0,30.56,-31.0,-25.0,-4.0,-10.0,12.0,-24.0
2020-09-02,Japan,1,141.0,0.0,21128.0,364.0,-31.0,-25.0,-4.0,-10.0,12.0,-24.0,35.689721999999996,139.692222,POINT(139.692222 35.689722),28.427778000000004,25.572222,32.033333,7.1755,,1.0,0.0,1.0,0.0,1.0,0.0,0.0,,0.0,,1.0,0.0,1.0,0.0,3.0,1.0,1.0,2.0,0.0,0.0,2.0,1.0,2.0,1.0,0.0,0.0,,69001.0,1307.0,30.56,-30.0,-23.0,-2.0,-11.0,12.0,-24.0
2020-09-03,Japan,1,211.0,1.0,21339.0,365.0,-30.0,-23.0,-2.0,-11.0,12.0,-24.0,35.689721999999996,139.692222,POINT(139.692222 35.689722),28.644444,26.038889,32.177778,8.3185,,1.0,0.0,1.0,0.0,1.0,0.0,0.0,,0.0,,1.0,0.0,1.0,0.0,3.0,1.0,1.0,2.0,0.0,0.0,2.0,1.0,2.0,1.0,0.0,0.0,,69599.0,1319.0,30.56,-30.0,-24.0,-3.0,-12.0,13.0,-24.0
2020-09-04,Japan,1,136.0,4.0,21475.0,369.0,-30.0,-24.0,-3.0,-12.0,13.0,-24.0,35.689721999999996,139.692222,POINT(139.692222 35.689722),29.916666999999997,26.288889,34.5,0.762,,1.0,0.0,1.0,0.0,1.0,0.0,0.0,,0.0,,1.0,0.0,1.0,0.0,3.0,1.0,1.0,2.0,0.0,0.0,2.0,1.0,2.0,1.0,0.0,0.0,,70268.0,1330.0,30.56,-31.0,-21.0,0.0,-14.0,8.0,-15.0
2020-09-05,Japan,1,181.0,0.0,21656.0,369.0,-31.0,-21.0,0.0,-14.0,8.0,-15.0,35.689721999999996,139.692222,POINT(139.692222 35.689722),28.654321000000003,24.32716,32.796296000000005,15.070667000000002,,1.0,0.0,1.0,0.0,1.0,0.0,0.0,,0.0,,1.0,0.0,1.0,0.0,3.0,1.0,1.0,2.0,0.0,0.0,2.0,1.0,2.0,1.0,0.0,0.0,,70876.0,1349.0,30.56,-40.0,-25.0,-6.0,-27.0,8.0,-17.0
2020-09-06,Japan,1,116.0,0.0,21772.0,369.0,-40.0,-25.0,-6.0,-27.0,8.0,-17.0,35.689721999999996,139.692222,POINT(139.692222 35.689722),26.080247,24.061728,28.858025,30.226,,1.0,0.0,1.0,0.0,1.0,0.0,0.0,,0.0,,1.0,0.0,1.0,0.0,3.0,1.0,1.0,2.0,0.0,0.0,2.0,1.0,2.0,1.0,0.0,0.0,,71419.0,1357.0,30.56,-29.0,-27.0,-8.0,-23.0,12.0,-23.0
2020-09-07,Japan,1,77.0,3.0,21849.0,372.0,-29.0,-27.0,-8.0,-23.0,12.0,-23.0,35.689721999999996,139.692222,POINT(139.692222 35.689722),28.183333,24.972222,31.027778,12.446,,1.0,0.0,1.0,0.0,1.0,0.0,0.0,,0.0,,1.0,0.0,1.0,0.0,3.0,1.0,1.0,2.0,0.0,0.0,2.0,1.0,2.0,1.0,0.0,0.0,,71856.0,1363.0,30.56,-28.0,-19.0,1.0,-1.0,11.0,-24.0
2020-09-08,Japan,1,170.0,6.0,22019.0,378.0,-28.0,-19.0,1.0,-1.0,11.0,-24.0,35.689721999999996,139.692222,POINT(139.692222 35.689722),29.55,26.722222,33.138889,2.140857,,1.0,0.0,1.0,0.0,1.0,0.0,0.0,,0.0,,1.0,0.0,1.0,0.0,3.0,1.0,1.0,2.0,0.0,0.0,2.0,1.0,2.0,1.0,0.0,0.0,,72234.0,1377.0,30.56,-29.0,-21.0,-1.0,1.0,11.0,-24.0
2020-09-09,Japan,1,149.0,1.0,22168.0,379.0,-29.0,-21.0,-1.0,1.0,11.0,-24.0,35.689721999999996,139.692222,POINT(139.692222 35.689722),29.438889,26.216666999999998,33.222221999999995,0.254,,1.0,0.0,1.0,0.0,1.0,0.0,0.0,,0.0,,1.0,0.0,1.0,0.0,3.0,1.0,1.0,2.0,0.0,0.0,2.0,1.0,2.0,1.0,0.0,0.0,,72726.0,1393.0,30.56,-27.0,-18.0,1.0,2.0,10.0,-23.0
2020-09-10,Japan,1,276.0,0.0,22444.0,379.0,-27.0,-18.0,1.0,2.0,10.0,-23.0,35.689721999999996,139.692222,POINT(139.692222 35.689722),27.938889,25.272222,31.088889,1.058333,,1.0,0.0,1.0,1.0,1.0,1.0,0.0,,0.0,,1.0,1.0,1.0,0.0,3.0,1.0,1.0,2.0,0.0,0.0,2.0,1.0,2.0,1.0,0.0,0.0,,73221.0,1406.0,37.04,-27.0,-19.0,1.0,-2.0,11.0,-23.0
